;marca;preco
0;Cadeira Gamer Prizi JX-1039B, até 120 kg, com Almofadas na lombar e pescoço, Azul;R$ 439,90
1;Cadeira Gamer Prizi Escritório, Infinity - Branca;R$ 369,90
2;Cadeira Gamer Husky Gaming Tempest 500, Preto, Com Almofadas, Descanso Para Pernas Retrátil, Reclinável - HGMA078;R$ 1.099,99
3;Cadeira Gamer Prizi Pz1006e, até 120 Kg, Ângulo ajustável do encosto, Vermelha;R$ 458,90
4;Cadeira Gamer Husky Gaming Tempest 700, Preto, Com Almofadas, Descanso Para Pernas Retrátil, Reclinável - HGMA074;R$ 1.499,99
5;Cadeira Gamer Vermelha Prizi - Jx-1039r;R$ 439,00
6;Cadeira Gamer Husky Gaming Snow, Preto, Cilindro de Gás Classe 4, Base em Metal, Roda em Nylon - HSN-BK;R$ 474,99
7;Cadeira Gamer Husky Gaming Tempest 700, Branco,  Com Almofadas, Descanso Para Pernas Retrátil, Reclinável - HGMA077;R$ 1.499,99
8;Cadeira Gamer Mymax Mx5 ,Peso Suportado até 150Kg, Giratória, Preto;R$ 679,15
9;Cadeira Gamer Prizi, Amarela, Com Almofadas - JX-1039Y;R$ 439,00
10;Cadeira Gamer Fox Racer Nordic, 125kg, Courino, Encostos Ajustável, Preto;R$ 469,49
11;Cadeira Gamer, Prizi Infinity, Até 150Kg - Vermelha;R$ 359,90
12;Cadeira Gamer Husky Gaming Hailstorm, Preto, Com Almofadas, Reclinável, Descanso de Braço 2D - HHA-BK;R$ 859,99
13;Cadeira Gamer Mymax MX5, Até 150kg, Com Almofadas, Reclinável, Descanso de Braço 2D, Preto - MGCH-MX5/BK;R$ 694,99
14;Cadeira Gamer ThunderX3 TGC12, Até 120kg, com Almofadas, Reclinável, Preto;R$ 1.179,99
15;Cadeira Gamer Husky Gaming Tempest 500, Preto e Branco, Com Almofadas, Descanso Para Pernas Retrátil, Reclinável - HGMA082;R$ 1.299,99
16;Cadeira Gamer Prizi Jx-1039g, até 120 kg, com Almofadas para Pescoço e Lombar, Regulagem de altura, Verde;R$ 439,90
17;Cadeira Gamer Husky Gaming Blizzard RGB, Preto, Luz RGB, Com Almofadas, Reclinável - HBL-RGB;R$ 826,49
18;Cadeira Gamer Husky Gaming Tempest 500, Preto e Azul, Com Almofadas, Descanso Para Pernas Retrátil, Reclinável - HGMA081;R$ 999,99
19;Cadeira Gamer Husky Gaming Blizzard, Preto, Com Almofadas, Reclinável, Descanso de Braço 2D - HGMA005;R$ 719,99
20;Cadeira Gamer Prizi Pz1005, Até 120Kg, Roxa;R$ 439,00
21;Cadeira Gamer Husky Gaming Storm, Preto, Com Almofadas, Reclinável, Descanso de Braço 2D - HST-BK;R$ 859,99
22;Cadeira Gamer Prizi, Peso Suportado até  120Kg, Almofadas de Pescoço e Lombar, Azul - Pz1005;R$ 369,90
23;Cadeira Gamer Mymax Mx5, Suportado até 150Kg, Giratória, Preto e Branco;R$ 679,15
24;Cadeira Gamer MX6, Giratória, Azul e Preto, Mymax;R$ 594,15
25;Cadeira Gamer ThunderX3 TGC12, Preto e Vermelho, Reclinável, com Almofadas, Cilindro de Gás Classe 4;R$ 1.099,99
26;Cadeira Gamer Mymax Mx5, Até 150Kg, Giratória, Preto E Azul;R$ 679,15
27;Cadeira Gamer Prizi Infinity, até 120KG, Escritório, Azul;R$ 1.243,90
28;Cadeira Gamer Mymax MX5, Até 150kg, Com Almofadas, Reclinável, Descanso de Braço 2D, Preto e Branco - MGCH-MX5/WH;R$ 684,99
29;Cadeira Gamer Mymax MX1, Peso Suportado até 120Kg, Giratória, Preto - mgch-8131/bk;R$ 466,65
30;Cadeira Gamer DT3 Nero XL, Até 160Kg, Com Almofada, Descanso de Braço 4D, Preto - 13634-7;R$ 1.779,99
31;Cadeira Gamer DT3 Nero XL, Até 160Kg, Com Almofada, Descanso de Braço 4D, Graphite - 13639-2;R$ 1.669,99
32;Cadeira Gamer XT Racer Viking Series, Até 120 Kg, Com Almofadas, Reclinável, Descanso de Braço 3D, Preto - XTR-014;R$ 1.149,99
33;Cadeira Gamer ThunderX3 BC3 Black - 67991;R$ 1.094,99
34;Cadeira Gamer Corsair T3 Rush, Até 120Kg, Apoio de Braços 4D, com Almofadas, Reclinável, Cinza e Branco - CF-9010030-WW;R$ 1.849,99
35;Cadeira Gamer Thunderx3 TGC12 Profissional, Até 120kg, Com Almofadas, Reclinável, Descanso de Braço 2D, Rosa e Preto - 78203;R$ 1.199,99
36;Cadeira Gamer XT Racer Viking Series, Até 120kg, Com Almofadas e Apoio de Pés, Reclinável, Descanso de Braço 3D, Preto - XTR-018;R$ 1.299,99
37;Cadeira Gamer Mymax Mx8, Giratória, 150Kg, Preto E Vermelho;R$ 594,15
38;Cadeira Gamer XT Racer Defender, Até 120kg, Com Almofadas, Reclinável, Descanso de Braço 3D, Preto - XTR-034;R$ 1.149,99
39;Cadeira Gamer XT Racer Speed Series, Até 120kg, Com Almofadas e Apoio de Pés, Reclinável, Descanso de Braço 2D, Preto - XTS190;R$ 1.099,99
40;Cadeira Gamer MyMax, Giratoria, Preto -  MX12;R$ 806,65
41;Cadeira Gamer PCYes Mad Racer V8 Turbo, Black - V8TBMADPT;R$ 1.299,90
42;Cadeira Gamer Husky Gaming Blizzard, Preto e Vermelho, Com Almofadas, Reclinável, Descanso de Braço 2D - HBL-BR;R$ 849,99
43;Cadeira Gamer Husky Gaming Storm, Preto e Azul, Com Almofadas, Reclinável, Descanso de Braço 2D - HST-BB;R$ 789,99
44;Cadeira Gamer Mymax MX5, Até 150kg, Com Almofadas, Reclinável, Descanso de Braço 2D, Preto e Azul - MGCH-MX5/BL;R$ 679,99
45;Cadeira Gamer Husky Gaming Snow, Preto e Azul, Cilindro de Gás Classe 4, Base em Metal, Roda em Nylon - HSN-BB;R$ 474,99
46;Cadeira Gamer ThunderX3 TGC12 EVO, Até 125Kg, com Almofadas, Cilindro de Gás, Preto - 76418;R$ 1.099,99
47;Cadeira Gamer Husky Gaming Hailstorm, Preto e Vermelho, Com Almofadas, Reclinável, Descanso de Braço 2D - HHA-BR;R$ 879,99
48;Cadeira Gamer, Prizi, Infinity, Até 150Kg, inclinação multifuncional  - Amarela;R$ 369,00
49;Cadeira Gamer Husky Gaming Blizzard, Preto e Branco, Com Almofadas, Reclinável, Descanso de Braço 2D - HBL-BW;R$ 769,99
50;Cadeira Gamer XT Racer Speed Series, Até 120kg, Com Almofadas, Reclinável, Descanso de Braço 2D, Preto - XTS150;R$ 949,99
51;Cadeira Gamer, XT Racer Draco, Reclinável Ergonômica, Tecido Polyester, Preto e Azul.;R$ 2.023,12
52;Cadeira Gamer Mymax MX1, Peso Suportado até 120Kg, Giratória, Preto e Branco;R$ 466,65
53;Cadeira Gamer Prizi PZ1006E, Até 120 Kg, Couro sintético de PU, Ângulo ajustável, Descanso de pé, Amarela;R$ 439,00
54;Cadeira Gamer Mymax MX0, Até 120Kg, Giratória, Preto e Azul;R$ 381,65
55;Cadeira Gamer Corsair T3 Rush, Até 120Kg, Apoio de Braços 4D, com Almofadas, Reclinável, Cilindro de Gás Classe 4, Cinza - CF-9010031-WW;R$ 1.919,99
56;Cadeira Gamer Husky Gaming Storm, Preto e Branco, Com Almofadas, Reclinável, Descanso de Braço 2D - HST-BW;R$ 754,99
57;Cadeira Gamer, Prizi, Runner - Amarela;R$ 338,89
58;Cadeira Gamer Mymax Mx1, Peso Suportado até 120Kg, Giratória, Preto E Azul - mgch-8131/bl;R$ 466,65
59;Cadeira Gamer Mymax Mx0, Suporta Até 120kg, Giratória, Preto E Branco;R$ 381,65
60;Cadeira Gamer Mymax MX5, Até 150kg, Com Almofadas, Reclinável, Descanso de Braço 2D, Preto e Vermelho - MGCH-MX5/RD;R$ 684,99
61;Cadeira Gamer Vinik Rocket, 120kg, Ajuste de altura e inclinação Preto - CGR10PT;R$ 649,99
62;Cadeira Gamer Corsair T1 Race, Até 120kg, Apoio de Braços 4D, com Almofadas, Reclinável, Preto e Azul - CF-9010014-WW;R$ 1.299,99
63;Cadeira Gamer Alpha Gamer Nimbus,  Até 125 kg, Apoio de Braço 4D, Reclinável, Preto e Cinza- AGNIMBUSBK;R$ 1.199,99
64;Cadeira Gamer Mymax MX8, Até 150Kg, Giratória, Preto e Azul;R$ 594,15
65;Cadeira Gamer Corsair TC200 Fabric, Até 120Kg, Apoio de Braços 4D, Almofadas, Reclinável, Cilindro Classe 4, Cinza e Branco - CF-9010048-WW;R$ 2.339,99
66;Cadeira Gamer Husky Gaming Blizzard, Preto e Azul, Com Almofadas, Reclinável, Descanso de Braço 2D - HBL-BB;R$ 749,99
67;Cadeira Gamer Raven X-10, Até 150Kg, com Almofadas, Descanso de Braço 4D, Reclinável, Trava de Inclinação, Preto e Vermelho - CDRVX10PV;R$ 729,99
68;Cadeira Gamer Mymax Mx9, Até 150Kg, Giratória, Preto/Azul;R$ 636,65
69;Cadeira Gamer Husky Gaming Hailstorm, Preto e Branco, Com Almofadas, Reclinável, Descanso de Braço 2D - HHA-BW;R$ 824,99
70;Cadeira Gamer Mymax MX7, Suportado até 150Kg, Giratória, Preto e Rosa;R$ 679,15
71;Cadeira Gamer Alpha Gamer Kappa, Até 150 kg, Apoio de Braço Acolchoado, Cilindro de Gás Classe 4, Preto e Verde - AGKAPPA-BK-GRN;R$ 1.299,99
72;Cadeira Gamer Noblechairs Hero, Black - NBL-HRO-PU-BLA;R$ 2.479,99
73;Cadeira Gamer Husky Gaming Snow, Preto e Vermelho, Cilindro de Gás Classe 4, Base em Metal, Roda em Nylon - HSN-BR;R$ 474,99
74;Cadeira Gamer Husky Gaming Storm, Preto e Vermelho, Com Almofadas, Reclinável, Descanso de Braço 2D - HST-BR;R$ 999,99
75;Cadeira Gamer Mymax Mx9, Giratória, Preto/Prata;R$ 636,65
76;Cadeira Gamer ThunderX3 EC3, Até 120 kg,  Preto - 67998;R$ 1.034,99
77;Cadeira Gamer ThunderX3 TGC12 EVO, Até 125Kg, com Almofadas, Cilindro de Gás, Branco - 76421;R$ 1.149,99
78;Cadeira Gamer Mymax Mx5, Peso Suportado até 150Kg, Giratória, Preto e verde;R$ 679,15
79;Cadeira Gamer Racer X Comfort, 100Kg, Preta;R$ 803,65
80;Cadeira Gamer Raven X-10, Até 150Kg, Com Almofadas, Descanso de Braço 4D, Encosto Reclinável, Trava de Inclinação, Preto e Azul - CDRVX10PA;R$ 899,99
81;Cadeira Gamer TC3 ThunderX3, Encosto Reclinável, Braço 2D, 125Kg, Preto/Branco - 72994;R$ 1.099,99
82;Cadeira Gamer Husky Gaming Snow, Preto e Verde, Cilindro de Gás Classe 4, Base em Metal, Roda em Nylon - HGMA018;R$ 474,99
83;Cadeira Gamer ThunderX3 BC3 Camo/CZ, Black Hawk - 67994;R$ 1.104,99
84;Cadeira Gamer XT Racer Viking Series, Até 120kg, Com Almofadas e Apoio de Pés, Reclinável, Descanso de Braço 3D, Rosa e Branco - XTR-023;R$ 1.499,99
85;Cadeira Gamer Mymax Mx9, 150kg, Com Almofadas, Braços com Regulagem 2D, Giratória, Cilindro de Gás Classe 2 - 80mm, Preto e Vermelho;R$ 636,65
86;Cadeira Gamer XT Racer Viking Series, Até 120kg, Com Almofadas e Apoio de Pés, Reclinável, Descanso de Braço 3D, Preto e Vermelho - XTR-026;R$ 1.499,99
87;Cadeira Gamer Corsair T1 Race, Até 120Kg, Apoio de Braços 4D, com Almofadas, Reclinável, Preto e Amarelo - CF-9010015-WW;R$ 1.299,99
88;Cadeira Gamer XT Racer Viking Series, Até 120kg, Com Almofadas e Apoio de Pés, Reclinável, Descanso de Braço 3D, Preto e Branco - XTR-022;R$ 1.299,99
89;Cadeira Gamer Alpha Gamer Polaris Racing Edition,  Até 150Kg, Cilindro de Gás 4, Descanso de Braço 4D, Preto e Verde - AGPOLARISRE-BK-GRN;R$ 999,99
90;Cadeira Gamer Husky Gaming Storm, Preto, Vermelho e Branco, Com Almofadas, Reclinável, Descanso de Braço 2D - HST-RBW;R$ 729,99
91;Cadeira Gamer Fortrek Vickers, Até 120Kg, com Almofadas, Preto - 7051;R$ 699,99
92;Cadeira Gamer Elements Lunari, Até 120kg, Com Almofada, Descanso de Braço 4D, Cilindro de Gás Classe 4, Knit Special, Cinza - 70044;R$ 2.999,99
93;Cadeira Gamer DT3 Grigio, Até 130Kg, Com Almofadas, Reclinável, Descanso de Braço 1D,  Cinza e Preto - 13373-7;R$ 1.135,99
94;Cadeira Gamer Alpha Gamer Polaris Edition, Até 150Kg, Descanso de Braço 4D,  Preto e Branco - AGPOLARISRE-BK-BL;R$ 1.074,99
95;Cadeira Gamer Mymax MX5, Até 150kg, Com Almofadas, Reclinável, Descanso de Braço 2D, Branco e Verde - MGCH-MX5/GRWH;R$ 849,99
96;Cadeira Gamer Stillus, Ergonômica, Com Apoio Para Os Pés, Preta e Branca;R$ 659,90
97;Cadeira Gamer Mymax MX0, Peso Suportado até 120Kg, Giratória, Preto e Rosa - Mgch-mx0/pk;R$ 381,65
98;Cadeira Gamer Mymax MX12, Até 150 Kg, Giratória, Preto e Azul;R$ 806,65
99;Cadeira Gamer Fortrek Cruiser Black - 70514;R$ 979,99
100;Cadeira Gamer Vênus Em Couro Reclinável E Giratória Preto;R$ 890,99
101;Cadeira Gamer Husky Gaming Avalanche, Rosa e Branco, Com Almofadas, Reclinável, Descanso de Braço 3D - HAV-PW;R$ 759,99
102;Cadeira Gamer Mymax Mx1, Giratória, Preto E Vermelho - mgch-8131/rd;R$ 466,65
103;Cadeira Gamer Husky Gaming Storm, Preto e Verde, Com Almofadas, Reclinável, Descanso de Braço 2D - HST-BG;R$ 699,99
104;Cadeira Gamer Mymax Mx9, até 150kg, Giratória, Com Almofadas, Reclinável, Preto/Roxo;R$ 636,65
105;Cadeira Gamer XT Racer Viking Series, Até 120Kg, Com Almofadas, Reclinável, Descanso de Braço 3D, Preto e Branco - XTR-021;R$ 989,99
106;Cadeira Gamer PCYes Mad Racer V8 Turbo, Blue - V8TBMADAZ;R$ 1.189,99
107;Cadeira Gamer Husky Gaming Snow, Preto e Branco, Cilindro de Gás Classe 4, Base em Metal, Roda em Nylon - HSN-BW;R$ 485,05
108;Cadeira Gamer Husky Gaming Avalanche 900, Preto e Vermelho, Com Almofadas, Reclinável com Sistema Frog, Descanso de Braço 3D - HGMA083;R$ 1.249,99
109;Cadeira Gamer Husky Gaming Avalanche 900, Preto e Azul, Com Almofadas, Reclinável com Sistema Frog, Descanso de Braço 3D - HGMA086;R$ 1.249,99
110;Cadeira Gamer ThunderX3 BC3, Black e Red- 67992;R$ 1.084,99
111;Cadeira Gamer Husky Gaming Blizzard 900, Preto, Com Almofadas, Reclinável com Sistema Frog, Descanso de Braço 3D - HGMA062;R$ 1.414,99
112;Cadeira Gamer Corsair TC200, Até 120Kg, Apoio de Braços 4D, Com almofadas, Reclinável, Cilindro de Gás Classe 4, Preto - CF-9010043-WW;R$ 2.449,99
113;Pistão para Cadeiras Husky Gaming Snow, Polar e Frost - HAC-PSPF;R$ 59,99
114;Cadeira Gamer ThunderX3 TGC12, Até 120kg, Com Almofadas, Descanso de Braço 2D, Preto e Azul;R$ 1.144,99
115;Cadeira Gamer Mymax MX1, Peso Suportado até 120Kg, Giratória, Preto e Verde;R$ 466,65
116;Cadeira Gamer Profissional ThunderX3 TGC12, Suporta Até 150Kg, Preto E Verde;R$ 999,52
117;Cadeira Gamer Husky Gaming Frost, Preto e Vermelho, Cilindro de Gás Classe 3, Base em Nylon, Roda em Nylon - HFR-BR;R$ 699,99
118;Cadeira Gamer Fortrek Black Hawk Black - 70508;R$ 869,99
119;Cadeira Gamer Alpha Gamer Polaris Racing Edition, Até 150Kg, Cilindro de Gás 4, Descanso de Braço  4D, Preto e Azul - AGPOLARISRE-BK-BL;R$ 999,99
120;Cadeira Gamer Noblechairs EPIC, Black - NBL-PU-BLA-002;R$ 2.399,99
121;Cadeira Gamer Husky Gaming Storm, Branco e Rosa, Com Almofadas, Reclinável, Descanso de Braço 4D - HST-PW;R$ 759,99
122;Cadeira Gamer Noblechairs Hero, Black White - NBL-HRO-PU-BPW;R$ 2.349,99
123;Cadeira Gamer Alpha Gamer Zeta, Até 120 Kg, Preto e Vermelho - AGZETA-BK-R;R$ 1.199,99
124;Cadeira Gamer Draxen DN1, até 150 kg, RGB, Rodas de Silicone, Encosto Regulável, Almofadas para apoio, Preto;R$ 849,15
125;Cadeira Gamer ThunderX3 EC3, Até 120kg, com Almofadas, Preto e Ciano - 68000;R$ 1.029,99
126;Cadeira Gamer DT3 Nero XL, Até 160Kg, Com Almofada, Descanso de Braço 4D, Cloud - 13637-0;R$ 1.779,99
127;Cadeira Gamer Profissional ThunderX3 TGC12, Peso Suportado até 120Kg, Preto;R$ 1.095,65
128;Cadeira Gamer Draxen DN2, 150 kg, Altura Ajustáveis, Reclinação, com almofadas, Preto;R$ 764,15
129;Cadeira Gamer Mymax MX5, Até 150kg, Com Almofadas, Reclinável, Descanso de Braço 2D, Preto e Verde - MGCH-MX5/GR;R$ 684,99
130;Cadeira Gamer Fox Office Fox Racer, até 130kgs, com RGB e Iluminação LED, com almofadas, Reclinável, Preta;R$ 1.399,00
131;Cadeira Gamer Mymax MX0, Peso Suportado até 120Kg, Giratória, Preto e Vermelho - Mgch-mx0/rd;R$ 381,65
132;Cadeira Gamer Xt Racer Platinum W Series Cor:preto;R$ 1.407,12
133;Cadeira Gamer Fortrek Vickers, Black/Pink - 70523;R$ 764,99
134;Cadeira Gamer Alpha Gamer Polaris Racing Edition,  Até 150Kg, Cilindro de Gás 4, Descanso de Braço 4D, Preto - 5600413202906;R$ 1.349,99
135;Cadeira Gamer ThunderX3 EC3, Peso Suportado até 150Kg, Ergonômica, Reclinável, Preta - 67998;R$ 1.257,85
136;Cadeira Gamer ThunderX3 TGC12, Black Green;R$ 1.144,99
137;Cadeira Gamer Alpha Gamer Polaris Racing Edition, Até 150Kg, Cilindro de Gás 4, Descanso de Braço 4D, Preto e Vermelho - AGPOLARISRE-BK-R;R$ 999,99
138;Cadeira Gamer Alpha Gamer Nimbus, Até 125 kg, Apoio de Braço 4D, Reclinável, Branco e Preto - AGNIMBUSBWHT;R$ 989,99
139;Cadeira Gamer PCYes Mad Racer V8 Turbo, White - V8TBMADBC;R$ 1.189,99
140;Cadeira Gamer Alpha Gamer Vega, Preto e Azul, Reclinável, com Almofadas, Cilindro de Gás Classe 4;R$ 875,99
141;Cadeira Gamer DT3 Nero,  Até 150kg, Com Almofada, Reclinável, Descanso de Braço 4D, Preto e Rosa - 13546-9;R$ 1.449,99
142;Cadeira Gamer Noblechairs Epic Copper Limited Edition, Preta/Cobre - PGW-NB-EGC-016;R$ 2.099,99
143;Cadeira Gamer DT3 Gamma, Até 120 Kg, Com Almofadas, Reclinável, Descanso de Braço 3D, Preto - 13516-6;R$ 1.299,99
144;Cadeira Gamer Noblechairs Epic, Até 120kg, com Almofadas, Branco - NBL-PU-WHT-001;R$ 2.399,99
145;Cadeira Gamer Hibrida -gchyb1-bk30th Cooler Master1 Ergo 30th Anniversary Edition Cmi;R$ 2.723,16
146;Cadeira Gamer Giratoria MX12 MyMax, Suporta 150Kg, Preto e Vermelho;R$ 806,65
147;Cadeira Gamer Husky Gaming Blizzard 900, Preto e Amarelo, Com Almofadas, Reclinável com Sistema Frog, Descanso de Braço 3D - HGMA090;R$ 1.469,99
148;Cadeira Gamer Alpha Gamer Alegra Fabric, Até 150 kg, Apoio de Braço 4D, Mecanismo Frog, Apoio Lombar Ajustável, Rosa - AGALEGRA-F-PK;R$ 1.899,99
149;Cadeira Gamer Mymax Mx12, Peso Máximo Suportado: 150kg, Giratória, Preto/Branco;R$ 806,65
150;Cadeira Gamer DT3sports Elise, Pink - 11834-7;R$ 1.149,99
151;Cadeira Gamer Noblechairs Hero, Black Blue - NBL-HRO-PU-BBL;R$ 2.399,99
152;Cadeira Gamer Stillus, Ergonômica, Com Apoio Para Os Pés, Dourada;R$ 649,90
153;Cadeira Gamer Vinik Rocket, Peso Suportado até 150Kg, Ajuste de Altura e Inclinação, Preta - Cgr10pt;R$ 699,99
154;Cadeira Gamer Vinik Rocket, 120kg, Ajuste de altura e inclinação Preto e Vermelho - CGR10PVM;R$ 639,99
155;Cadeira Gamer Husky Gaming Avalanche 900, Preto e Amarelo, Com Almofadas, Reclinável com Sistema Frog, Descanso de Braço 3D - HGMA089;R$ 1.249,99
156;Cadeira Gamer, XT Racer Defender,Reclinável Ergonômica, Tecido Polyester, Preto.;R$ 1.231,12
157;Cadeira Gamer Husky Gaming Blizzard 900, Preto e Vermelho, Com Almofadas, Reclinável com Sistema Frog, Descanso de Braço 3D - HGMA084;R$ 1.379,99
158;Cadeira Gamer Husky Gaming Tactical, Digital Marpat, Com Almofadas, Reclinável, Descanso de Braço 2D - HTT-DM;R$ 799,99
159;Cadeira Gamer Alpha Gamer Cygnus RGB - AGCYGNUS;R$ 934,99
160;Cadeira Gamer XT Racer Speed Series, Até 120kg, Com Almofadas e Apoio de Pés, Reclinável, Descanso de Braço 2D, Preto e Laranja - XTS160;R$ 959,99
161;Cadeira Gamer Husky Gaming Blizzard 970, cm Almofadas, Acabamento Alcantara, Reclinável com Sistema Frog, Cinza - HGMA132;R$ 1.749,99
162;Cadeira DT3 Nero, Até 150kg,  Com Almofada, Reclinável, Descanso de Braço 4D, Preto e Azul  - 13548-1;R$ 1.439,99
163;Cadeira Gamer ThunderX3 TGC12 EVO, Até 125Kg, com Almofadas, Cilindro de Gás, Rosa - 76423;R$ 1.149,99
164;Cadeira Gamer Corsair TC200, Até 120Kg, Apoio de Braços 4D, Com Almofadas, Reclinável, Cilindro de Gás Classe 4, Cinza - CF-9010045-WW;R$ 1.879,99
165;Cadeira Gamer Draxen DN2, Até 150kg, Com Almofadas, Reclinável, Descanso de Braço 2D, Preto e Azul Celeste - DN002-BLS;R$ 764,99
166;Cadeira Gamer Reclinável Com Apoio De Pés Alien Healer Tm, Suporta até 120Kg, Preta;R$ 849,90
167;Cadeira Gamer Husky Gaming Avalanche 900, Preto, Com Almofadas, Reclinável com Sistema Frog, Descanso de Braço 3D - HGMA061;R$ 1.349,99
168;Cadeira Gamer TC3 ThunderX3, Encosto Reclinável, Braço 2D, 125Kg, Preto - 72993;R$ 1.049,99
169;Cadeira Gamer Mymax, Mx5, Até 150kg, Giratória Branco E Verde;R$ 679,15
170;Cadeira Gamer Alpha Gamer Vega, Até 130Kg, Cilindro de Gás 4, Braço Ajustável, Preto e Verde;R$ 875,99
171;Cadeira Gamer ThunderX3 TGC12 EVO, Até 125Kg, com Almofadas, Cilindro de Gás, Vermelho - 76419;R$ 1.099,99
172;Cadeira Gamer ThunderX3 TGC12, Até 150Kg, Reclinável, Com Almofadas, Gás Classe 4, Preto E Vermelho;R$ 999,52
173;Cadeira Gamer Holt, Preta/Vermelha - Fortrek;R$ 668,86
174;Cadeira Gamer Kids Em Couro Pu, Preta e Verde, Pelegrin - Pel-9353;R$ 509,38
175;Cadeira Gamer Noblechairs Hero, Black Gold - NBL-HRO-PU-GOL;R$ 3.099,99
176;Cadeira Gamer Racer X Reclinável Rosa;R$ 793,10
177;Cadeira Gamer Sharkoon Elbrus 2, Black Red;R$ 1.099,99
178;Cadeira Gamer Sharkoon Shark Skiller SGS4 Black;R$ 2.899,99
179;Cadeira Gamer Alpha Gamer Alegra Fabric, Até 150 kg, Apoio de Braço 4D, Mecanismo Frog, Apoio Lombar Ajustável, Azul - AGALEGRA-F-BL;R$ 1.799,99
180;Cadeira Gamer Elite V2 Dazz, Até 100kg, Preta, 62000148;R$ 494,22
181;Cadeira Gamer Raven X-30, Até 200Kg, com Almofadas, Descanso de Braço 4D, Reclinável, Trava de Inclinação, Preto e Amarelo - CDRV30PM;R$ 1.249,99
182;Cadeira Gamer Sharkoon Elbrus 2, Black Green;R$ 1.699,99
183;Cadeira Gamer Husky Gaming Blizzard, Preto e Verde, Com Almofadas, Reclinável, Descanso de Braço 2D - HBL-BG;R$ 739,99
184;Cadeira Gamer Fox Racer, Até 130kgs, RGB, Com Iluminação LED, Ângulo de 180 Graus, Rosa;R$ 1.549,90
185;Cadeira Gamer Fortrek Black Hawk Black/Red - 70510;R$ 842,99
186;Cadeira Gamer Husky Gaming Blizzard 900, Preto e Azul, Com Almofadas, Reclinável com Sistema Frog, Descanso de Braço 3D - HGMA087;R$ 1.379,99
187;Cadeira Gamer Asus Rog Chariot Core SL300, Preto, Almofada Lombar, Braços 4D, Cilindro de Gás - 90GC00D0-MSG010;R$ 5.999,99
188;Cadeira Gamer Mymax, Com Almofadas, Braço 2D,  Cilindro de Gás Classe 3, Giratória, Preto e Vermelho - MX13;R$ 854,05
189;Cadeira gamer dt3sports royce tecido graphite 13337-7;R$ 3.297,87
190;Cadeira Gamer Vinik Rocket, 120kg, Ajuste de altura e inclinação Branco e Rosa - CGR10BRS;R$ 639,99
191;Cadeira Gamer Husky Gaming KaBuM eSport, Preto e Laranja, Com Almofadas, Reclinável, Descanso de Braço 3D - HKE-BO;R$ 899,99
192;Cadeira Gamer Husky Gaming Hailstorm 900, Preto, Com Almofadas, Reclinável com Sistema Frog, Descanso de Braço 3D - HGMA063;R$ 1.399,99
193;Cadeira Gamer Husky Gaming Blizzard 970,  com Almofadas, Acabamento Alcantara, Reclinável com Sistema Frog, Preto e Branco - HGMA136;R$ 1.749,99
194;Cadeira Gamer, MX11, Giratória, Preto, Mymax;R$ 466,65
195;Cadeira Gamer Gc100 - Oex Game - Preta E Laranja;R$ 899,90
196;Cadeira Gamer Pcyes Mad Racer V8 Turbo Azul - V8tbmadaz;R$ 1.292,32
197;Cadeira Gamer Alpha Gamer Nimbus, Até 125 kg, Apoio de Braço 4D, Reclinável, Preto e Vermelho - AGNIMBUSBKRED;R$ 929,99
198;Cadeira Gamer PCTop Racer, Peso Suportado até 120Kg, Reclinável, Descanso de pés, Preta e Vermelha - Se1006;R$ 603,00
199;Cadeira Gamer Husky Gaming Hailstorm 900, Preto e Vermelho, Com Almofadas, Reclinável com Sistema Frog, Descanso de Braço 3D - HGMA085;R$ 1.299,99
200;Cadeira Gamer, Vinik Rocket, Branca Com Rosa - CGR10BRS;R$ 639,90
201;Cadeira Gamer Cooler Master Caliber X1c Preto Cmi-gcx1c-bk, Suporta: 150kg;R$ 2.827,51
202;Cadeira Gamer Prizi Jx-1001b, Kombat, Capacidade de peso: 130 kg, Azul;R$ 1.048,90
203;Cadeira Gamer Noblechairs Hero, Black Red - NBL-HRO-PU-BRD;R$ 2.099,99
204;Cadeira Gamer  Fortrek Vickers, Peso Suportado até 135Kg, Mecanismo Butterfly, Preto e vermelho - 70520;R$ 896,74
205;Cadeira Gamer Holt Fortrek, Suporta até 120Kg, Preta;R$ 668,86
206;Cadeira Gamer ThunderX3 EC3, Até 120kg, com Almofadas, Preto e Vermelho - 67999;R$ 1.039,99
207;Cadeira Gamer Mymax Mx1, Peso Suportado até 120Kg, Giratória, Preto E Rosa -  94013900;R$ 754,92
208;Cadeira Gamer Noblechairs EPIC, Black Gold - NBL-PU-GOL-002;R$ 2.329,99
209;Cadeira Gamer Force One Essential 115, Até 90 kg, Preta;R$ 1.763,56
210;Cadeira Gamer Mymax , Com Almofadas, Braço 2D, Cilindro de Gás Classe 3, Giratória , Preto e Amarelo - MX13;R$ 764,15
211;Cadeira Gamer Dazz Marvel Homem De Ferro, Encosto, Reclinável 180°, Construção Em Aço - 62000051;R$ 2.999,99
212;Cadeira Gamer MoobX Nitro Com Regulagem de Altura e Reclinação 180°;R$ 799,90
213;Cadeira Gamer Husky Gaming Blizzard 970,  com Almofadas, Acabamento Alcantara, Reclinável com Sistema Frog, Caramelo - HGMA133;R$ 1.749,99
214;Cadeira Gamer Hoopson, Preta E Branca - CG-506;R$ 1.499,87
215;Cadeira Gamer Hoopson, Reclinável E Giratória - Hp-cg505;R$ 1.499,87
216;Cadeira Gamer Conthey Cinesis Xtreme, Até 150 Kg - N2159702;R$ 2.500,00
217;Cadeira Gamer Dxrace Master V2, Peso suportado: 130 kg, Giratória Reclinável, Preta;R$ 3.306,10
218;Cadeira Gamer Racer X Comfort, Peso máximo suportado: 100 Kg, Cinza;R$ 803,65
219;Cadeira Gamer Pelegrin Em Couro Pu, Reclinável, Suporta Até 150Kg, Preto E Azul - Pel-3019;R$ 866,66
220;Cadeira Gamer Pelegrin, Até 150 Kg, Em Couro PU, Reclinável, Preta E Azul - PEL-3015;R$ 713,54
221;Cadeira Gamer, MoobX Profissional Thunder, Preto/Branco;R$ 1.299,00
222;Cadeira Gamer Husky Gaming Blizzard 970,  com Almofadas, Acabamento Alcantara, Reclinável com Sistema Frog, Preto - HGMA135;R$ 1.749,99
223;Cadeira Gamer Mymax, Até 150 Kg, Giratória, Preto e Azul - MX13;R$ 806,65
224;Cadeira Gamer ThunderX3 BC3 CAMO Military Green - 68835;R$ 1.144,99
225;Cadeira Gamer Infantil Em Couro Pvc Pelegrin Pel-9354, até 60kg - Preto Com Amarelo;R$ 376,68
226;Cadeira Office Elements Lunari, Espuma D50, Mecanismo Frog, Cream;R$ 3.199,00
227;Cadeira Gamer Boxbit Atlético Mineiro Fanático, até 120Kg, Base Rodízio;R$ 669,38
228;Cadeira Gamer Reclinável Sparta Com 2 Almofadas Zidi;R$ 1.629,90
229;Cadeira Gamer, MX11, Giratória, Preto E Azul, Mymax;R$ 466,65
230;Cadeira Gamer Sakes, Vermelha - INP21001;R$ 555,90
231;Cadeira Gamer Gallant, Altura Regulável, Preta/Vermelha -GCD10GPUA-VM;R$ 669,00
232;Cadeira Gamer Motospeed Hyrax Rosa - Hcd300p;R$ 699,00
233;Cadeira Gamer XT Racer Platinum W, Com Apoio De Pés, Reclinável, Ergonômica, Azul;R$ 1.583,12
234;Cadeira Gamer Alpha Gamer Vega, Até 150Kg, Cilindro de Gás 4,  Braço Ajustável, Preto e Laranja;R$ 875,99
235;Cadeira Gamer Royale MoobX, Até 100Kg, Giratória,  Preto e Cinza;R$ 509,92
236;Cadeira Gamer OexGame Gc200, Até 100Kg, Altura Ajustável, Couro Sinético, Rosa E Preto;R$ 899,90
237;Cadeira Gamer X Fusion, Peso Suportado até 120Kg, Regulagem de altura, Vermelha - C.123;R$ 739,69
238;Cadeira Gamer X Fusion, Suporta até 120kg, Branca - C.123;R$ 1.071,24
239;Cadeira Gamer Fortrek Cruiser Black/Red - 70515;R$ 959,99
240;Kit Gamer Pelegrin Pel-008p Rosa E Cadeira Gamer Pelegrin Pel-3020 Rosa;R$ 2.142,66
241;Cadeira Gamer Mymax MX11, Até 150 Kg, Giratória, Preto E Vermelho;R$ 466,65
242;Cadeira Gamer Draxen DN2, Até 150kg, Com Almofadas, Reclinável, Descanso de Braço 2D, Preto e Azul - DN002/BL;R$ 764,99
243;Cadeira Gamer Office Giratória, Com Elevação A Gás, Extreme F03, Preto E Vermelho - Lyam Decor;R$ 874,90
244;Cadeira Gamer Gallant Racer, Até 140 Kg, Giratória, Altura Regulável, Preta E Vermelha - GCD100RPUA-PT;R$ 1.125,00
245;Cadeira Gamer Goldentec, GT Blue;R$ 699,00
246;Cadeira Gamer Dazz Prime-X, Peso Suportado até 250Kg, Construção Em Aço, Preto e Branco - 62000011;R$ 1.208,03
247;Cadeira Gamer Stars, Com Encosto Reclinável, Capacidade Até 120Kg, Mecanismo Backsystem, Preta;R$ 862,97
248;Cadeira Gamer Racer X Comfort, Verde;R$ 803,65
249;Cadeira Gamer Profissional, Marvel, Hulk, Suporta até 150kg, Reclinável, Verde;R$ 715,90
250;Cadeira Gamer Em Couro PU, Reclinável - PEL-C215;R$ 815,62
251;Cadeira Gamer Escritório Cougar Fusion S, Preta E Laranja;R$ 922,25
252;Cadeira Gamer Mymax Mx12, Giratória, Preto/Verde;R$ 806,65
253;Cadeira Gamer Dt3 Elise Fabric V2 13445-7, Cinza, Com Almofadas Reclinavel E Com Descanso De Braco, 1d U Unica;R$ 1.361,53
254;Cadeira Gamer Racer X Comfort, Peso máximo suportado: 100 Kg, Azul Claro;R$ 803,00
255;Cadeira Gamer Profissional Marvel, Reclinável, Suporta 150kg, Azul - Wolverine;R$ 851,90
256;Cadeira Gamer Pelegrin Pel-3006, Suporta Até 150Kg, Em Couro Pu, Preto e Verde;R$ 682,92
257;Cadeira Gamer, XT Racer Draco, Reclinável Ergonômica, Tecido Polyester, Preto e Cinza.;R$ 2.023,12
258;Cadeira Gamer Cruiser Fortrek, Suporta até 135Kg, Preta/Azul;R$ 1.036,15
259;Cadeira Gamer XT Racer Draco, Até 130 Kg, Reclinável Ergonômica, Tecido Polyester, Preto e Dourado;R$ 2.023,12
260;Cadeira Gamer Vinik Comet Cgc10p, Até 120kg, Reclinável, Giratória Com Apoio De Braço 2D E Ajuste De Altura, Preta;R$ 747,15
261;Cadeira Gamer Racer X, Reclinável, Cinza;R$ 793,00
262;Cadeira Gamer Gallant Pro Giratória, Altura Regulável, Preta - GCD10GPUB-AZ;R$ 869,00
263;Cadeira Gamer Stillus Ergonômica Com Apoio Para Os Pés - Preto;R$ 589,51
264;Cadeira Gamer Giratória Com Elevação, Office Black Hawk H01, Preto - Fortrek;R$ 1.259,90
265;Cadeira Gamer Healer Strike Reclinável Giratória, suporta até 120 kg, Rosa E Branco;R$ 1.222,92
266;Cadeira Gamer PCTOP Racer, Preta e Amarela, Reclinável, Descanso de pés - 1006;R$ 725,00
267;Cadeira Gamer Design Office, Linha Gamer Racing, Com Almofada, Regulavel, Verde Limão com Preto;R$ 4.299,00
268;Cadeira Gamer, Bw Racer Pro 10pr - Preta E Azul;R$ 950,00
269;Cadeira Gamer Infantil Em Couro Pvc Pelegrin Pel-9354, até 60kg - Preto Com Cinza;R$ 376,68
270;Cadeira Gamer Pelegrin, Couro Pu, Preto E Azul - PEL-3006;R$ 682,92
271;Cadeira Gamer PCTop Racer, Peso Suportado até 120Kg, Reclinável, Descanso de pés, Preta e Azul - Se1006;R$ 652,50
272;Cadeira Gamer Rgb Com Led E Controle Remoto Healer, Suporta até 150Kg, Preta;R$ 1.323,68
273;Cadeira Gamer, Racer X Comfort - Rosa;R$ 803,00
274;Cadeira Gamer Noblechairs EPIC Leather, Black White Red - NBL-RL-EPC-001;R$ 3.899,99
275;Cadeira Gamer Thunderx3 BC3, Peso Suportado até 150Kg, Base resistente de metal, Vermelha;R$ 1.078,65
276;Cadeira Gamer Racer X, Reclinável - Branca;R$ 793,00
277;Cadeira Gamer Mymax Mx18, Até 150Kg, Giratória, Preta;R$ 949,05
278;Cadeira Gamer TC3 ThunderX3, Suporta até 150Kg, Bumblebee Yellow;R$ 1.405,85
279;Cadeira Gamer PlayerXTreme Executiva Escritório, PU, Vermelho;R$ 789,90
280;Cadeira Gamer Galax Giratória Gc-01 Rgb, Preta - Rg01p4dby0;R$ 2.044,47
281;Cadeira Gamer Pelegrin Kids, Em Couro Pu, Preta e Cinza, - PEL-9353;R$ 509,38
282;Cadeira Gamer Profissional Marvel, Homem De Ferro, Reclinável, Suporta 150kg, Vinho - Homem De Ferro;R$ 851,90
283;Cadeira Gamer Premium X-zone, Peso Suportado até 135Kg, Reclinável, Preta E Verde - Cgr 01;R$ 1.089,00
284;Cadeira Gamer TC3 ThunderX3, Suporta até 125Kg, All White;R$ 1.405,85
285;Cadeira Gamer Pctop Strike Preta - 1005;R$ 775,76
286;Kit - 02 Cadeiras Gamer Office, Giratória Com Elevação A Gás, BC3, Camuflado Verde Military - ThunderX3;R$ 3.594,90
287;Cadeira Gamer Husky Gaming Polar, Preto e Branco, Cilindro de Gás Classe 3, Base em Nylon, Roda em Nylon - HPO-BW;R$ 499,99
288;Cadeira Gamer X Fusion, Até 120 Kg, Verde - C.123;R$ 952,19
289;Cadeira Gamer, XT Racer Ergo Air, Reclinável Ergonômica,Mesh Respirável, Preto e Dourado.;R$ 1.583,12
290;Cadeira Gamer Profissional ThunderX3 TGC12, Peso Suportado até 120Kg, Preta e Azul;R$ 1.349,85
291;Cadeira Gamer XT Racer Platinum, Reclinável, Ergonômica, Tecido Mesh Respirável, Preto e Vermelho;R$ 1.319,12
292;Cadeira Gamer Dazz Legacy Series, Preta E Salmao - 62000145;R$ 705,51
293;Cadeira Gamer Racer X Reclinável Preta;R$ 753,35
294;Cadeira Gamer, MoobX, Royale Confort, All Black Com Regulagem De Altura;R$ 679,92
295;Cadeira Gamer Warrior Karna, Peso Suportado até 120Kg, Basculante, Giratória, Preta - Ga201;R$ 837,45
296;Cadeira Gamer Sakes, Peso Máximo Suportado (Kg): 100kg, Azul - INP21003;R$ 698,90
297;Cadeira Gamer Prizi Verde - Pz1005;R$ 673,33
298;Cadeira Gamer Ergonomica Cougar Argo 3mergoch Preto E Laranja;R$ 3.598,72
299;Cadeira Gamer PcTop Power, Peso Suportado até 120Kg, Mecanismo Borboleta, Preta e Verde - X-2555;R$ 750,00
300;Cadeira Gamer Giratória, Com Elevação A Gás, Office Blackfire H01, Preto E Vermelho - Fortrek;R$ 1.204,90
301;Cadeira Gamer Pcyes Mad Racer STI Master, Peso Suportado até 120Kg, Pistão a Gás, Azul - Madstimsaz;R$ 752,55
302;Cadeira Gamer XT Racer Taycan Com Apoio De Pés Reclinável Ergonômica Couro Sintético - Preto e Vermelho;R$ 1.319,12
303;Cadeira Gamer Tr-max, Até 120 Kg, de Couro, Giratória, Ajustável - Branca;R$ 1.055,70
304;Cadeira Gamer Mymax MX15, Até 150 Kg, Giratória, Preto e Azul;R$ 1.104,15
305;Cadeira Gamer OEX Game Gc300, Peso Suportado até 180Kg, Mecanismo padrão Borboleta, Preto e Cinza;R$ 1.484,91
306;Cadeira Gamer, Modelo Outrider S Royal - Ref.3mournxb.0001;R$ 1.703,45
307;Cadeira Gamer Pelegrin, Até 150 Kg, Em Couro PU, Reclinável - PEL-3010;R$ 805,41
308;Cadeira Gamer Sharkoon Skiller SGS2 Black Blue;R$ 999,99
309;Cadeira Gamer Dazz Prime-X, Peso Suportado até 250Kg, Apoio Para Braço, Pescoço E Lombar, Preto E Verde - 62000009;R$ 1.002,59
310;Cadeira Dxracer Master V2 (i238s-w-a3) Peso suportado: até 130kgs;R$ 3.545,59
311;Cadeira Gamer Pelegrin em Couro Pu, Reclinável, Suporta até 150Kg, Preta e Verde - Pel-3018;R$ 968,74
312;Cadeira Gamer Conthey Cinesis Xtreme, Até 150 Kg - N2159702;R$ 1.399,90
313;Cadeira Gamer Copa Do Mundo Qatar 2022 Edição Especial Preto Com Vermelho - Mt-2000 Bb1;R$ 988,90
314;Cadeira Gamer Rocket, Peso Suportado até 150Kg, Ajuste de altura, Preto e Verde - Cgr10pvd;R$ 754,65
315;Cadeira Gamer Asus ROG Chariot, Aura RGB, Braço 4D, Preto - SL300C;R$ 6.624,99
316;Cadeira Gamer Cougar Gaming Argo One Black 3margosb,0001;R$ 2.999,00
317;Cadeira Gamer Pcyes Mad Racer V8 Turbo, Peso Suportado até 180Kg, Função Relax, Preta - V8tbmadpt;R$ 1.208,03
318;Cadeira Gamer Mymax MX0, Peso Suportado até 120Kg, Giratória, Preto - mgch-mx0/bk;R$ 700,92
319;Cadeira Gamer Fortrek Black Hawk, Suporta Até 140Kg, Apoio Ajustável Bi-Direcional, Preto - 70508;R$ 907,07
320;Cadeira Gamer Racer X Comfort, Vermelha, Peso máximo suportado: 100 Kg;R$ 803,65
321;Cadeira Gamer, MX11, Giratória, Preto E Roxo, Mymax;R$ 466,65
322;Cadeira Gamer Maxoffice DN2, Até 150 Kg, Preto e Vermelho, Draxen;R$ 764,15
323;Cadeira Gamer Sharkoon Skiller SGS2 Black Red;R$ 1.499,99
324;Cadeira Gamer Preta Healer Warlock, Reclinável, Giratória;R$ 863,01
325;Cadeira Gamer Pcyes Mad Racer V8 Turbo, Peso Suportado até 180Kg, Função Relax, Branca - V8tbmadpt;R$ 1.306,44
326;Cadeira Gamer Pelegrin Pel-3009, Couro PU - Preta, Vermelha E Azul;R$ 764,58
327;Cadeira Gamer, Goldentec, GT Black, Até 120 Kg, Com Almofadas;R$ 1.299,90
328;Cadeira Gamer Infantil Em Couro Pvc Pelegrin Pel-9354, até 60kg - Preto Com Azul;R$ 376,68
329;Cadeira Gamer X­rocker Dazz;R$ 614,90
330;Cadeira Gamer Cooler Master Caliber R2 Roxa - Cmi-gcr2-2019;R$ 1.857,40
331;Pistão A Gás 120Mm, Reforçado, Preto;R$ 115,00
332;Cadeira Gamer Pelegrin, Até 150 Kg, Em Couro Pu, Reclinável, Preta e Vermelha - PEL-3019;R$ 866,66
333;Cadeira Gamer Brazil PC Júpiter, Em Couro, Reclinável E Giratória, Castanho E Caramelo;R$ 1.018,77
334;Cadeira Gamer Pelegrin Pel-3015, Em Couro PU, Reclinável - Preta E Vermelha;R$ 713,54
335;Cadeira Gamer Boxbit  Atlético Mineiro Invicto, Até 120 Kg, Base Rodízio;R$ 1.071,00
336;Cadeira Gamer Dt3 Elise Fabric V2 13444-6, Azul, Com Almofadas Reclinavel E Com Descanso De Braco, 1d U Unica;R$ 1.276,82
337;Cadeira Gamer PCTop Spider, Peso Suportado até 150Kg, Reclinável, Tricolor - X-2577;R$ 725,00
338;Cadeira Gamer Pcyes Mad Racer V8 Turbo, até 180kg, Inclinação 135º, ergonômica, estofado de poliéster  Vermelha - V8tbmadvm;R$ 1.979,88
339;Cadeira Gamer Boxbit São Paulo SPFC Invicto, até 120Kg, Base Rodízio, reclina até 170 graus, com almofadas;R$ 1.071,00
340;Cadeira Gamer Alien Healer, Suporta até 120Kg, Reclinável, Com Apoio de Pés, Preto/Verde;R$ 779,90
341;Cadeira Gamer ThunderX3 EC3, Peso Suportado até 150Kg, Ajustável, Ciano E Preto - 68000;R$ 1.099,90
342;Cadeira Gamer Office Giratória, Com Elevação A Gás, BC3, H01 Camuflado - Thunderx3;R$ 1.889,90
343;Cadeira Gamer New WG-02, Branco;R$ 614,88
344;Cadeira Gamer Sharkoon Elbrus 2, Black Blue;R$ 1.099,99
345;Cadeira Gamer, XT Racer Defender, Reclinável Ergonômica, Tecido Polyester, Preto e Vermelho.;R$ 1.231,12
346;Cadeira Gamer XT Racer Taycan Com Apoio De Pés Reclinável Ergonômica Couro Sintético - Preto e Cinza;R$ 1.319,12
347;Cadeira Gamer Fortrek Blackfire, Suporta até 120Kg, Preta/Vermelha;R$ 734,83
348;Cadeira Gamer Pelegrin Pel-3009, Couro Pu - Preta E Vermelha;R$ 764,58
349;Cadeira Gamer Husky Gaming Blizzard 970, com Almofadas, Acabamento Alcantara, Reclinável com Sistema Frog, Creme e Vermelho  - HGMA134;R$ 1.599,99
350;Cadeira Gamer Bright - 601;R$ 799,00
351;Cadeira Gamer Husky Gaming Hailstorm 900, Preto e Azul, Com Almofadas, Reclinável com Sistema Frog, Descanso de Braço 3D - HGMA088;R$ 1.299,99
352;Cadeira Gamer X Fusion, Azul - C.123;R$ 952,19
353;Cadeira Gamer Infantil Em Couro Pvc Pelegrin Pel-9354, até 60kg - Preto Com Vermelho;R$ 376,68
354;Cadeira, Dt3sports, Elise, Pink;R$ 1.451,82
355;Cadeira Gamer X Fusion, Verde Musgo, Reclinável, Suporta até 120Kg - C.123;R$ 1.190,29
356;Mesa Gamer Escrivaninha, Tecno, Nicho - Preto e Verde;R$ 299,90
357;Cadeira Gamer Prizi, PZ1005, Suporta Até 120kg, Vermelha;R$ 459,90
358;Cadeira Gamer Racer X Comfort, Branca, Peso máximo suportado: 100 Kg;R$ 803,65
359;Cadeira Gamer PlayerXTreme Executiva Escritório, PU, Peso Suportado: 120 Kg, Azul;R$ 789,90
360;Cadeira Gamer Mx5, 150kg, Giratória, Com almofadas, Reclinável, Preto/Vermelho;R$ 759,05
361;Cadeira Gamer Acer Predator Rift Lite 2ª Gen, Até 110 kg, Reclinável, Preto e Azul - gp.gcr11.00n;R$ 1.299,00
362;Cadeira Office Elements Lunari, Espuma D50, Mecanismo Frog, Grey;R$ 3.199,00
363;Cadeira Gamer Warrior Tongea, Até 120 Kg, Verde - GA160;R$ 719,92
364;Cadeira Gamer Racer X, Reclinável, Peso máximo suportado: 130 Kg, Azul;R$ 793,00
365;Cadeira Gamer, Júpiter, Em Couro, Reclinável E Giratória - Vermelha;R$ 988,94
366;Cadeira Presidente Gamer, em Couro Pu, Preta e Azul, Pelegrin - Pel-3002;R$ 866,66
367;Cadeira Gamer Thunderx3 BC3 CAMO/AZ Admiral, Peso Suportado até 120Kg, Ergonômica, Reclinável, Camuflada;R$ 1.198,67
368;Cadeira Gamer XT Racer Draco, Até 130 Kg, Reclinável Ergonômica, Tecido Polyester, Preto;R$ 2.023,12
369;Cadeira Gamer, Xtreme Gamers, Cinesis Ny, até 120 Kgs, Reclinável, Braços Fixos, Preta E Branca;R$ 594,96
370;Cadeira Gamer Sharkoon Skiller SGS40, 150kg, Braço 4D, Preto;R$ 2.099,99
371;Cadeira Gamer, XT Racer Taycan, Escritório, Ergonômica, Reclinável, Couro Sintético, Preto;R$ 1.231,12
372;Cadeira Gamer Fortrek Black Hawk, Peso Suportado até 140Kg, Altura Ajustável, Preto e Vermelho;R$ 907,07
373;Cadeira Gamer, Galax, GC-01 RGB - Preto;R$ 2.772,04
374;Cadeira Gamer Draxen DN2, Até 150kg, Com Almofadas, Reclinável, Descanso de Braço 2D, Preto - DN002/BK;R$ 764,99
375;Cadeira Gamer Boxbit Palmeiras Invicto Base Rodízio, Peso suportado: 120Kg;R$ 1.071,00
376;Cadeira Gamer Husky Gaming Hailstorm 900, Preto e Amarelo, Com Almofadas, Reclinável com Sistema Frog, Descanso de Braço 3D - HGMA091;R$ 1.699,99
377;Cadeira Gamer Mymax Mx17, 150kg, Giratória, Preto;R$ 849,15
378;Cadeira Gamer X Fusion, Rosa Pink, Reclinável - C.123;R$ 1.048,95
379;Cadeira Gamer Alpha Gamer Zeta Black Blue - AGZETA-BK-BL;R$ 874,99
380;Cadeira Gamer Greatek Giratória, Até 150Kg, Estofada, Preta;R$ 629,90
381;Cadeira Gamer PcTop, Azul - Se1022;R$ 750,00
382;Cadeira Gamer XT Racer Draco, Dolce Gusto, Preto + Cafeteira Genio S Plus - Grátis;R$ 2.023,12
383;Cadeira Gamer, Redragon Coeus, Preta/vermelha - C201-br;R$ 1.531,05
384;Cadeira Gamer Eaglex Pro Reclinável, Até 150 Kg, Vermelho;R$ 799,90
385;Cadeira Gamer Thunderx3 BC7 Larger, Peso Suportado até 150Kg, Almofadas de pescoço e lombar, Preto E Ciano;R$ 2.249,85
386;Cadeira Gamer Gallant Pro, Até 140 Kg, Giratória, Altura Regulável, Preto e Vermelho;R$ 899,00
387;Cadeira Gamer Pelegrin, Em Couro PU, Reclinável, Preta E Vermelha - PEL-3003;R$ 1.203,52
388;Cadeira Gamer Escritório Cougar Fusion Sf,Preta E Laranja;R$ 891,65
389;Cadeira Gamer ThunderX3 Black Hawk, Peso Suportado até 150Kg, Tecnologia Air Tech, Cinza - BC3 CAMOe CZ;R$ 1.198,67
390;Cadeira Gamer Pelegrin Pel-3023 Reclinável Com Led Preta;R$ 1.019,78
391;Cadeira Dt3office Diana Black  peso máximo recomendado: 130kg;R$ 1.560,71
392;Cadeira Gamer New, Até 120 Kg, Verde - WG-02;R$ 614,88
393;Cadeira Gamer XT Racer Platinum W Com Apoio De Pés Reclinável Ergonômica - Rosa;R$ 1.407,12
394;Cadeira Gamer ThanderX3 DC3, Suporta até 150Kg, Preta/Vermelha;R$ 1.479,85
395;Cadeira Gamer Boxbit Palmeiras Fanático Peso suportado: 120Kg, Base Rodízio;R$ 669,38
396;Cadeira Gamer Pelegrin, Preta E Cinza - PEL-3011;R$ 805,41
397;Cadeira Gamer Racer X, Reclinável, Vermelha, Peso máximo suportado: 130 Kg;R$ 793,00
398;Cadeira Gamer, XT Racer, Fire Gun, Reclinável Ergonômica, Couro sintético, Preto.;R$ 1.583,12
399;Cadeira Gamer Vinik Rocket, Preta Com Azul - Cgr10paz;R$ 715,89
400;Cadeira Gamer Fortrek Vickers, Black/Red - 70520;R$ 739,99
401;Cadeira Gamer Cougar Gaming Argo One 3margos.0001;R$ 2.999,00
402;Cadeira Gamer Thunderx3 Tgc12, Evo Edição Limitada, até 125 kg, Ergonômica, Braço Bidirecional, Azul;R$ 1.349,84
403;Cadeira Gamer PCTop Deluxe, Peso Suportado até 150Kg, Preta e Vermelha - X-2521;R$ 750,00
404;Cadeira Gamer Fox Racer,  Até 130 Kg, RGB, Rosa, Com Iluminação LED;R$ 929,90
405;kit 2 Cadeiras Gamer PlayerXTreme Executiva Escritório, PU, Vermelho;R$ 1.579,90
406;Cadeira Gamer Show de Cadeiras X Fusion, Suporta até 120kg, Giratória, inclinação em estágios e rodízio anti-risco, Preto - C.123;R$ 952,19
407;Cadeira Gamer Racer X, Reclinável Hype, Com LED RGB, Peso máximo suportado: 145 Kg;R$ 1.178,00
408;Cadeira Gamer Mymax Mx16, Giratória, Preto/Prata;R$ 849,15
409;Cadeira Gamer Thunderx3 Tgc12, Evo Edição Limitada, até 125 kg, Ergonômica, Braço Bidirecional, Vermelha;R$ 1.276,62
410;Cadeira Gamer PCTop Power, Peso Suportado até 150Kg, Preta e Vermelha - X-2555;R$ 750,00
411;Cadeira Gamer Profissional Marvel Thanos, Reclinável, Suporta Até 150kg, Azul;R$ 851,90
412;Cadeira Gamer Dazz Série M, Rosa - 625170;R$ 1.852,99
413;Cadeira Gamer Pelegrin, Couro Pu, Preto E Vermelha - PEL-3006;R$ 682,92
414;Cadeira Gamer Copa Do Mundo Qatar 2022 Edição Especial Vermelho Com Branco - Dx-3000 Lx2;R$ 988,90
415;Cadeira Gamer Profissional Dc Superman Reclinável Suporta Até 150kg Azul;R$ 851,90
416;Cadeira, Dt3sports, Elise, Blue;R$ 1.565,71
417;Cadeira Gamer Profissional Marvel, Reclinável, Suporta 150kg, Azul- Capitão América;R$ 851,90
418;Cadeira Gamer Thunderx3 Ec1, Suporta Até 120kg, Cilindro De Gás, Almofadas, Preto E Branco - 78234;R$ 827,91
419;Cadeira Gamer X Fusion, Suporta até 120Kg, Rosa - C.123;R$ 1.190,29
420;Cadeira Gamer Thunderx3 EC1, Peso Suportado até 150Kg, AIR Tech, Preto;R$ 827,91
421;Cadeira Gamer Greatek Reclinável, Até 150Kg, Estofada, Roxa e Preta;R$ 949,00
422;Cadeira Gamer Fortrek Black Hawk, Peso Suportado até 140Kg, Espuma moldada por injeção, Preta e Rosa - Fkcrpp;R$ 932,26
423;Cadeira Gamer, Jupiter, Black E Black;R$ 1.126,90
424;Cadeira Gamer DT3Sports Elise Fabric, Suporta até 130Kg, Azul;R$ 1.492,91
425;Cadeira Gamer Dazz Special Forces Selva, Até 120Kg, Com Almofadas De Apoio, Camuflada - 62000071;R$ 950,31
426;Cadeira Gamer, XT Racer Defender, Reclinável Ergonômica, Tecido Polyester, Preto e Rosa.;R$ 1.231,12
427;Cadeira Gamer ThunderX3 TC3, Suporta Até 150Kg, All Black;R$ 1.242,00
428;Cadeira Gamer São Paulo SPFC Fanático Boxbit Base Rodízio;R$ 669,38
429;Cadeira Gamer Giratória Com Elevação A Gás 02 Almofadas De Apoio Cruiser H01 Preto - Fortrek;R$ 1.454,90
430;Cadeira Gamer ThunderX3 DC3, Suporta Até 150Kg, Mecanismo de Borboleta, Preto E Ciano - 70624;R$ 1.499,86
431;Cadeira Gamer Star Game WG-03, Reclinável, Suporta até 120 kg, Vermelha e Preta;R$ 805,50
432;Cadeira Gamer, XT Racer Defender, Reclinável Ergonômica, Tecido Polyester Preto e Cinza.;R$ 1.231,12
433;Cadeira Gamer Pelegrin, Reclinável, Preta E Cinza - PEL-3018;R$ 968,74
434;Cadeira Gamer ThunderX3 DC3, Suporta até 150Kg, Preta;R$ 1.319,62
435;Cadeira Gamer Mymax Mx15 Giratoria Peso Máximo Suportado: 150 Kg, Preto;R$ 1.104,15
436;Cadeira Gamer Pelegrin Pel-3019, Suporta até 150Kg, em Couro Pu, Encosto reclinável com trava, com almofadas, Preta;R$ 866,66
437;Cadeira Gamer Fortrek Vickers, Preta;R$ 940,09
438;Cadeira Gamer, Fifa Qatar 2022, Checkpoint, Vermelho Com Branco - MT-2000 BW1;R$ 988,90
439;Cadeira Gamer Racer X Comfort, Azul.;R$ 803,65
440;Cadeira Gamer ThunderX3 EC3, Suporta até 150Kg, Preta/Vermelha;R$ 1.321,98
441;Cadeira Gamer Comet Vinik, Branca, Ergonômica, Reclinável Com Apoio De Braço 2d E Ajuste De Altura;R$ 870,88
442;Cadeira Gamer Evolut Eg-904 Lite - Verde;R$ 1.499,99
443;Cadeira Gamer Eg904 Lite Vermelha Evolut;R$ 1.499,99
444;Cadeira Gamer Design Office Móveis Interlocutor Linha Gamer Racing, Peso recomendado: até 120 kg, Rosa;R$ 3.593,36
445;Cadeira Gamer Design Office Móveis Para Escritório Linha Gamer Cagliari Rosa;R$ 2.750,00
446;Cadeira Gamer Akracing K7 Wide, Red, Reclinável 12º, Com Almofadas, Cilindro De Gás Classe 4;R$ 2.296,73
447;Cadeira Gamer Design Office, Linha Gamer Racing, Com Almofada, Regulável, Vermelho com Preto;R$ 4.299,00
448;Cadeira Gamer Design Office, Linha Gamer Racing, Com Almofada, Regulavel, Bege com Preto;R$ 4.299,00
449;Cadeira Gamer Design Office, Linha Gamer Racing, Com Almofada, Regulavel, Laranja com Preto;R$ 4.299,00
450;Cadeira Gamer Design Office, Linha Gamer Racing, Com Almofada, Regulavel, Telha com Preto;R$ 4.299,00
451;Cadeira Gamer Design Office, Linha Gamer Racing, Com Almofada, Regulavel, Rosa Claro com Preto;R$ 4.299,00
452;Cadeira Gamer Design Office Diretor, Linha Gamer Racing, ate 110 Kg, Sem Almofada, Rosa Claro com Preto;R$ 3.593,36
453;Cadeira Gamer Para Escritório, Linha Gamer Racing, Rosa;R$ 4.125,71
454;Cadeira Gamer Para Escritório, Linha Gamer Racing, Vermelho;R$ 4.125,71
455;Cadeira Dt3office Celeste Black Peso máximo recomendado  120kg cilindro classe 3.85mm;R$ 1.099,42
456;Cadeira Gamer Para Escritório, Linha Gamer Racing, Branco;R$ 4.125,71
457;Cadeira Gamer Para Escritório, Linha Gamer Racing, Cinza;R$ 4.125,71
458;Cadeira Gamer Para Escritório, Linha Gamer Racing, Bege;R$ 4.125,71
459;Cadeira Gamer Para Escritório, Linha Gamer Racing, Marrom;R$ 4.125,71
460;Cadeira Gamer Para Escritório, Linha Gamer Racing, Verde;R$ 4.125,71
461;Cadeira Gamer Para Escritório, Linha Gamer Racing, Amarelo;R$ 4.125,71
462;Cadeira Gamer, Interlocutor, Linha Gamer Racing - Amarelo;R$ 3.593,36
463;Cadeira Gamer Gxt 707r Resto Gaming Trust;R$ 1.429,90
464;Cadeira Gamer  Clanm,Preta E Cinza Mount;R$ 1.481,10
465;Cadeira Gamer Clanm,Jungle Preta E Azul;R$ 1.224,42
466;Cadeira Gamer, Bw Diamond 10di - Preta;R$ 1.260,00
467;Cadeira Gamer Pelegrin Em Couro Pu, Reclinável, Preta E Vermelha - PEL-3013;R$ 917,70
468;Cadeira Gamer Aerocool Air All Black, Preto - Ac40c;R$ 719,90
469;Cadeira Presidente Gamer, Em Couro Pu, Preta e Vermelho, Pelegrin - Pel-3002;R$ 866,66
470;Cadeira Gamer Pelegrin Pel-3015, Em Couro PU, Reclinável - Preta E Verde;R$ 713,54
471;Cadeira Gamer Pelegrin, Em Couro PU, Reclinável, Preta E Azul - PEL-3003;R$ 1.203,52
472;Cadeira Gamer Dazz Marvel Homem Aranha, Encosto Reclinável 180 graus - Construção Em Aço - 62000052;R$ 2.999,99
473;Cadeira Thunderx3 Tc3, até 125 kg, Rotação de 360 grau, Azure Blue;R$ 1.405,85
474;Cadeira Gamer Bw Racer Pro 10pr Modelo Bw Pro:preta E Vermelha;R$ 950,00
475;Cadeira Gamer Maxracer Aggressive Azul, Suporta até 150 Kg.;R$ 1.300,00
476;Cadeira Gamer, Pro Facthus - Preta/vermelha;R$ 1.399,90
477;Cadeira Gamer Cooler Master, Caliber R1- Preto e Roxo, Cmi-gcr1 2018.;R$ 1.475,39
478;Cadeira Gamer Dt3 Sports Elise V3, Verde, Com Almofadas E Descanso De Braco 2d, Ajuste De Altura E Inclinacao,  U Unica;R$ 1.538,07
479;Cadeira Gamer Dt3 Sports Elise V2 13437-8, Azul, Com Almofadas E Reclinavel, Suporta Ate 130kg, U Unica;R$ 1.361,53
480;Cadeira Gamer, Bw Racer Pro 10pr - Preta E Cinza;R$ 950,00
481;Cadeira Gamer Mymax Mx15, Giratória, Preto/Vermelho;R$ 1.104,15
482;Cadeira Gamer MoobX Thunder, Peso Suportado até 125Kg, Braços Reguláveis 2D, e Regulagem De Altura, Preto e Azul;R$ 1.104,15
483;Cadeira Gamer, Eaglex S1, Giratória, Vermelha;R$ 599,90
484;Cadeira Gamer Thunderx3 Ec3, até 125 kg, com almofadas, Ajustável, Air Tech, Laranja;R$ 1.257,85
485;Cadeira Gamer Dt3 Elise Fabric V2 13446-8, Vermelho, Com Almofadas Reclinavel E Com Descanso De Braco, 1d U Unica;R$ 1.484,83
486;Cadeira Gamer Design Office Móveis Interlocutor Linha Gamer Racing, Peso recomendado: até 120 kg, Vermelho;R$ 3.593,36
487;Cadeira Gamer Design Office Móveis Interlocutor Linha Gamer Racing, Peso recomendado: até 120 kg, Laranja;R$ 3.593,36
488;Cadeira Gamer Design Office Móveis Interlocutor Linha Gamer Racing, Peso recomendado: até 120 kg, Verde;R$ 3.593,36
489;Cadeira Gamer Design Office Diretor, Linha Gamer Racing, ate 110 Kg, Sem Almofada, Verde com Preto;R$ 3.593,36
490;Cadeira Gamer Design Office Diretor, Linha Gamer Racing, ate 110 Kg, Sem Almofada, Marrom com Preto;R$ 3.593,36
491;Cadeira Gamer Design Office, Linha Gamer Racing, Com Almofada, Regulavel, Marrom com Preto;R$ 4.299,00
492;Cadeira Gamer Design Office Diretor, Linha Gamer Racing, ate 110 Kg, Sem Almofada, Vermelho com Preto;R$ 3.593,36
493;Cadeira Gamer Design Office Diretor, Linha Gamer Racing, ate 110 Kg, Sem Almofada, Azul Claro com Preto;R$ 3.593,36
494;Cadeira Gamer Design Office Diretor, Linha Gamer Racing, ate 110 Kg, Sem Almofada, Cinza Claro com Preto;R$ 3.593,36
495;Cadeira Gamer Design Office Diretor, Linha Gamer Racing, ate 110 Kg, Sem Almofada, Verde Limão com Preto;R$ 3.593,36
496;Cadeira Gamer, Giratória, Linha Gamer Racing - Amarelo;R$ 4.125,71
497;Cadeira Gamer Para Escritório, Linha Gamer Racing, Azul;R$ 4.125,71
498;Cadeira Gamer Para Escritório, Linha Gamer Racing, Verde;R$ 4.125,71
499;Cadeira Gamer, Giratória Com Braço, Linha Gamer Racing - Azul;R$ 4.125,71
500;Cadeira Gamer Design Office Móveis Para Home Office Linha Gamer Blenda Azul;R$ 2.345,00
501;Cadeira Gamer Para Escritório, Linha Gamer Racing, Verde;R$ 4.125,71
502;Cadeira Gamer, Interlocutor, Linha Gamer Racing - Marrom;R$ 3.593,36
503;Cadeira Gamer, Interlocutor, Linha Gamer Racing - Branco;R$ 3.593,36
504;Cadeira Gamer, Giratória Com Braço, Linha Gamer, Racing Azul - Vermelho;R$ 4.125,71
505;Cadeira Gamer, Interlocutor, Linha Gamer Racing - Cinza;R$ 3.593,36
506;Cadeira Gamer Evolut Prism, Até 135Kg, Cinza E Amarelo - Eg-910;R$ 909,99
507;Cadeira Gamer Overseas Overx Pro Opt, Até 120Kg, Ergonômica/Giratória, Preto E Vermelho;R$ 1.099,90
508;Cadeira Gamer OverX Pro Opt, Até 120Kg, Ergonômica, Giratória, Preto E Azul;R$ 1.099,90
509;Cadeira Gamer, Xtreme Gamers, Maximum, até 120 Kgs, Reclinável, Braços Fixos, Preta E Vermelha;R$ 1.610,90
510;Cadeira Gamer Gamdias Zelus E3 Weave L Gb, até 120kg, C/ Apoio De Braço, Cinza/preto;R$ 894,76
511;Cadeira Gamer Pelegrin, Reclinável, Preta E Vermelha - PEL-3018;R$ 968,74
512;Cadeira Gamer Pelegrin, Couro Pu Preta, Vermelha E Cinza - PEL-3009;R$ 764,58
513;Cadeira Gamer Pelegrin, Em Couro PU, Reclinável, Preta E Vermelha - PEL-3012;R$ 1.142,28
514;Cadeira Gamer Executiva Escritório Gran Belo Kenpachi Pu Sintético, Vermelho G24;R$ 789,90
515;Cadeira Gamer Cougar Armor Elite, Até 120Kg - 3meliorb.0001;R$ 1.379,50
516;Cadeira Gamer Concórdia Ac-8069 suporta até 120kg Reclinável Com Detalhes Em Vermelho;R$ 736,25
517;Cadeira Gamer Kids, Em Couro Pu, Preta e Azul, Pelegrin - Pel-9353;R$ 509,38
518;Cadeira Gamer DT3 Nero XL, Até 160Kg, Com Almofada, Descanso de Braço 4D, Bubble - 13636-9;R$ 1.399,99
519;Cadeira Gamer XT Racer Platinum, Reclinável, Ergonômica, Tecido Mesh Respirável, Preto e Verde;R$ 1.319,12
520;Cadeira Gamer Dazz Legacy Series - Preto/Purple;R$ 705,51
521;Cadeira Gamer Dt3 Sports Romeo Tecido, Blue - 13792-2;R$ 1.599,90
522;Cadeira Gamer Dt3 Sports Elise V3, Azul, Com Almofadas E Descanso De Braco 2d, Ajuste De Altura E Inclinacao,  U Unica;R$ 1.538,07
523;Cadeira Gamer Dt3 Sports Tanoshii V2 13435-6, Preto E Azul, Suporta Ate 130kg Braco 1d+ Encosto Reclinavel, U Unica;R$ 1.335,40
524;Cadeira Gamer Cougar Armor Elite Royal, Até 120Kg - 3meliglb.0001;R$ 1.335,40
525;Cadeira Thunderx3 Tc3, até 125 kg, Rotação de 360 grau, Sakura White;R$ 1.394,85
526;Cadeira Gamer Thunderx3 Ec1, Suporta Até 120kg, Cilindro De Gás, Almofadas, Preto E Rosa - 78233;R$ 881,30
527;Cadeira Gamer Elg Racing Ch03rd;R$ 798,31
528;Cadeira Gamer Para Escritório, Linha Gamer Cagliari, Vermelho;R$ 2.750,00
529;Cadeira Gamer, Interlocutor Linha Gamer Racing - Preto;R$ 3.593,36
530;Cadeira Gamer Para Escritório, Linha Gamer Racing, Vermelho;R$ 4.125,71
531;Cadeira Gamer Design Office Móveis Interlocutor Linha Gamer Racing, Peso recomendado: até 120 kg, Verde;R$ 3.593,36
532;Cadeira Gamer Design Office, Linha Gamer Racing, Com Almofada, Regulavel, Cinza com Preto;R$ 4.299,00
533;Cadeira Gamer Design Office Diretor, Linha Gamer Racing, ate 110 Kg, Sem Almofada, Preto com Preto;R$ 3.593,36
534;Cadeira Gamer Design Office Diretor, Linha Gamer Racing, ate 110 Kg, Sem Almofada, Verde Água com Preto;R$ 3.593,36
535;Cadeira Gamer Design Office, Linha Gamer Racing, Com Almofada, Regulavel, Azul Claro com Preto;R$ 4.299,00
536;Cadeira Gamer Design Office, Linha Gamer Racing, Com Almofada, Regulavel, Roxo com Preto;R$ 4.299,00
537;Cadeira Gamer Design Office, Linha Gamer Racing, Com Almofada, Regulavel, Rosa Pink com Preto;R$ 4.299,00
538;Cadeira Gamer Design Office Diretor, Linha Gamer Racing, ate 110 Kg, Sem Almofada, Vinho com Preto;R$ 3.593,36
539;Cadeira Gamer Design Office, Linha Gamer Racing, Com Almofada, Regulavel, Verde Água com Preto;R$ 4.299,00
540;Cadeira Gamer Para Escritório, Linha Gamer Racing, Verde;R$ 4.125,71
541;Cadeira Gamer Para Escritório, Linha Gamer Racing, Vermelho;R$ 4.125,71
542;Cadeira Gamer, Giratória Linha Gamer, Racing Amarelo - Azul;R$ 4.125,71
543;Cadeira Gamer Para Escritório, Linha Gamer Cagliari, Vermelho;R$ 2.750,00
544;Cadeira Gamer, Interlocutor Linha Gamer Racing - Preto;R$ 3.593,36
545;Cadeira Gamer Para Escritório, Linha Gamer Racing, Vermelho;R$ 4.125,71
546;Cadeira Gamer OexGame Gc500, Com LED E Controle Remoto, Até 120Kg, Cilindro Classe 4, 2 Almofadas Removíveis, Preto E Cinza;R$ 2.299,00
547;Cadeira Gamer, Bw Diamond 10di - Preta E Azul;R$ 1.260,00
548;Cadeira Gamer Mvp Retrátil E Reclinável Com Apoio Para Pernas E Braço Até 120kg - Preto/vermelho;R$ 1.869,00
549;Cadeira Gamer Pelegrin Pel-3005 Preta E Verde;R$ 611,46
550;Cadeira Gamer Pelegrin, Preta E Vermelha - PEL-3005;R$ 611,46
551;Cadeira Gamer Pelegrin, Preta E Azul - PEL-3005;R$ 611,46
552;Cadeira Gamer Pelegrin Em Couro Pu Reclinável Pel-3012 Preta E Cinza;R$ 1.142,28
553;Cadeira Presidente Gamer Em Couro Pu, Preta E Verde Pelegrin - PEL-3002;R$ 866,66
554;Cadeira Gamer Redragon Metis, Preta e Vermelha  C102-BR;R$ 1.713,51
555;Cadeira Dt3 Gamma Fabric Black, Peso máximo suportado: 120kg;R$ 1.468,95
556;Cadeira Gamer Xzone, Premium, Cgr-03-r - Preto/vermelho;R$ 1.163,10
557;Cadeira Gamer Greatek, Até 150Kg, Reclinável, Estofada, Azul e Preta;R$ 899,00
558;Cadeira Gamer Greatek, Reclinavel, Estofada, Peso Suportado: 150 kg, Preta;R$ 1.199,00
559;Cadeira Gamer Estofada Camuflada Greatek;R$ 1.328,90
560;Cadeira Gamer Primex V2 Preto/vermelho, 62000153,;R$ 825,55
561;Cadeira Gamer Pelegrin Em Couro Pu, Reclinável, Preta E Cinza - PEL-3013;R$ 917,70
562;Cadeira Gamer Royale Preto, Branco E Vermelho, com regulagem de altura;R$ 552,42
563;Cadeira Gamer Estofada Camuflada Greatek;R$ 1.328,90
564;Cadeira Gamer Tr-max, Até 120 Kg, de Couro, Giratória, Ajustável - Vermelha;R$ 1.055,70
565;Cadeira Gamer Greatek, Até 150Kg, Reclinável, Estofada, Azul e Preta;R$ 899,00
566;Cadeira Gamer Greatek, Reclinavel, Estofada, Peso Suportado: 150 kg, Preta;R$ 1.199,00
567;Cadeira Gamer Xzone, Premium, Cgr-03-r - Preto/vermelho;R$ 1.163,10
568;Cadeira Gamer, Predator Com Acabamento Premium, Espuma De Alta Densidade;R$ 2.799,00
569;Cadeira Gamer Evolut, Tanker, Azul, Reclinável, Almofada - Eg-900;R$ 1.317,74
570;Cadeira Gamer Maxprint/dazz, Omega, Preta, Peso Máximo Suportado: 100kg;R$ 521,55
571;Cadeira Gamer Draxen DN2, Até 150kg, Com Almofadas, Reclinável, Descanso de Braço 2D, Preto e Vermelho - DN002/RD;R$ 999,99
572;Cadeira Gamer Para Escritório Linha Gamer Cagliari Laranja;R$ 2.750,00
573;Cadeira Gamer, Linha Gamer Cagliari - Laranja;R$ 2.750,00
574;Cadeira Gamer Para Escritório, Linha Gamer Cagliari - Verde;R$ 2.750,00
575;Cadeira Gamer, Interlocutor, Linha Gamer Racing - Rosa;R$ 3.593,36
576;Cadeira Gamer Para Escritório, Linha Gamer Racing, Laranja;R$ 4.125,71
577;Cadeira Gamer Design Office Móveis Interlocutor Linha Gamer Racing, Peso recomendado: até 120 kg, Verde com Preto;R$ 3.593,36
578;Cadeira Gamer Design Office Móveis Interlocutor Linha Gamer Racing, Peso recomendado: até 120 kg, Cinza;R$ 3.593,36
579;Cadeira Gamer, Modelo Armor Air - Ref.3maair.0001;R$ 1.630,00
580;Cadeira Gamer Design Office Móveis Interlocutor Linha Gamer Racing, Peso recomendado: até 120 kg, Roxo;R$ 3.593,36
581;Cadeira Gamer Design Office Móveis Interlocutor Linha Gamer Racing, Peso recomendado: até 120 kg, Azul;R$ 3.593,36
582;Cadeira Gamer Design Office, Linha Gamer Racing, Com Almofada, Regulavel, Azul com Preto;R$ 4.299,00
583;Cadeira Gamer Design Office Diretor, Linha Gamer Racing, ate 110 Kg, Sem Almofada, Bege com Preto;R$ 3.593,36
584;Cadeira Gamer Design Office Diretor, Linha Gamer Racing, ate 110 Kg, Sem Almofada, Telha com Preto;R$ 3.593,36
585;Cadeira Gamer Design Office Diretor, Linha Gamer Racing, ate 110 Kg, Sem Almofada, Roxo com Preto;R$ 3.593,36
586;Cadeira Gamer Design Office Diretor, Linha Gamer Racing, ate 110 Kg, Sem Almofada, Laranja com Preto;R$ 3.593,36
587;Cadeira Gamer Design Office, Linha Gamer Racing, Com Almofada, Regulavel, Verde com Preto;R$ 4.299,00
588;Cadeira Gamer Design Office Diretor, Linha Gamer Racing, ate 110 Kg, Sem Almofada, Cinza com Preto;R$ 3.593,36
589;Cadeira Gamer Design Office Móveis Interlocutor, Linha Gamer Racing, até 120 kg, Bege;R$ 3.593,36
590;Cadeira Gamer Design Office Diretor, Linha Gamer Racing, ate 110 Kg, Sem Almofada, Amarelo Mostarda com Preto;R$ 3.593,36
591;Cadeira Gamer Design Office Diretor, Linha Gamer Racing, ate 110 Kg, Sem Almofada, Café com Preto;R$ 3.593,36
592;Cadeira Gamer Design Office, Linha Gamer Racing, Com Almofada, Regulavel, Branco com Preto;R$ 4.299,00
593;Cadeira Thunderx3 Xc3 All Black;R$ 2.044,68
594;Cadeira Gamer, Bw Racer 10tu01 - Preta E Vermelha;R$ 2.300,00
595;Cadeira Gamer Bw Racer Pro 10pr - Preta;R$ 950,00
596;Cadeira Gamer Pelegrin Em Couro Pu, Preta E Cinza - PEL-3017;R$ 631,88
597;Cadeira Gamer De Balanço Pelegrin Pel-3024 Preta Com Led E Auto-falante Bluetooth;R$ 795,20
598;Cadeira Gamer Infantil Pelegrin, Em Couro Pu, Preta e Vermelha - Pel-9353;R$ 509,38
599;Cadeira Gamer Aerocool Air, Preto E Azul - Ac40c;R$ 719,90
600;Cadeira Gamer Aerocool Air, Preto E Azul - Ac40c;R$ 719,90
601;Cadeira Gamer, Bw Diamond 10di - Preta E Vermelha;R$ 1.260,00
602;Cadeira Gamer, Xtreme Gamers, Cinesis Ny, até 120 Kgs, Reclinável, Braços Fixos, Preta E Azul;R$ 1.399,90
603;Cadeira Gamer Tr-max, Até 120 Kg, de Couro, Giratória, Ajustável - Preta;R$ 1.055,70
604;Cadeira Gamer Dt3 Nero Graphite 13748-3, Revestimento Com Tecido, Braco 3d, Ajuste Altura E Inclinacao, U Unica;R$ 1.628,28
605;Cadeira Gamer ELG Drakon, Peso Máx. Suportado 140Kg, Ajuste de altura com sistema Butterfly, Preto - Ch31bk;R$ 878,74
606;Cadeira Gamer PcTop Premium 1020, Azul, Branco e Preto, Reclinável - Se1020;R$ 750,00
607;Cadeira Sense Elite Gamer, Multi Ga228, Branco;R$ 1.199,20
608;Cadeira Gamer Thunderx3 Ec3, até 125 kg, com almofadas, Ajustável, Air Tech, Branca;R$ 1.257,85
609;Cadeira Gamer Giratoria Preta;R$ 1.104,90
610;Cadeira Gamer Thunderx3 Ec3, até 125 kg, com almofadas, Ajustável, Air Tech, Rosa;R$ 1.257,85
611;Cadeira Thunderx3 Tc3, até 125 kg, Rotação de 360 grau, Neon Green;R$ 1.394,85
612;Cadeira Gamer Giratória, 2 Almofadas, Home Office, Ergonômica Regulagem Altura, Branco Preto;R$ 899,90
613;Cadeira Gamer Vinik Rocket Preta Com Vermelho - Cgr10pvm;R$ 715,89
614;Cadeira Gamer Draxen Dn3 Giratoria - Preto/azul;R$ 862,92
615;Cadeira Gamer Design Office Móveis Para Escritório Linha Gamer Cagliari Verde;R$ 2.750,00
616;Cadeira Gamer Design Office Diretor, Linha Gamer Racing, ate 110 Kg, Sem Almofada, Rosa Pink com Preto;R$ 3.593,36
617;Cadeira Gamer Design Office, Linha Gamer Racing, Com Almofada, Regulavel, Verde Escuro com Preto;R$ 4.299,00
618;Cadeira Gamer Design Office Diretor, Linha Gamer Racing, ate 110 Kg, Sem Almofada, Verde Escuro com Preto;R$ 3.593,36
619;Cadeira Gamer Design Office Diretor, Linha Gamer Racing, ate 110 Kg, Sem Almofada, Azul com Preto;R$ 3.593,36
620;Cadeira Gamer Design Office Diretor, Linha Gamer Racing, ate 110 Kg, Sem Almofada, Azul com Preto;R$ 3.593,36
621;Cadeira Gamer Design Office Diretor, Linha Gamer Racing, ate 110 Kg, Sem Almofada, Branco com Preto;R$ 3.593,36
622;Cadeira Gamer Design Office, Linha Gamer Racing, Com Almofada, Regulável, Vinho com Preto;R$ 4.299,00
623;Cadeira Gamer Design Office, Linha Gamer Racing, Com Almofada, Regulavel, Café com Preto;R$ 4.299,00
624;Cadeira gamer dt3sports royce tecido ashen 13340-1;R$ 3.233,84
625;Cadeira Gamer, Interlocutor, Linha Gamer Racing - Vermelho;R$ 3.593,36
626;Cadeira Gamer Para Escritório, Linha Gamer Cagliari - Azul;R$ 2.750,00
627;Cadeira Gamer Para Escritório, Linha Gamer Ravenna, Vermelho;R$ 2.959,00
628;Cadeira Gamer Design Office, Interlocutor Linha Gamer Racing - Marrom;R$ 3.593,36
629;Cadeira Gamer, Interlocutor, Linha Gamer Racing - Vermelho;R$ 3.593,36
630;Cadeira Gamer Design Office Móveis Para Home Office Linha Gamer Blenda Amarelo;R$ 2.345,00
631;Cadeira Gamer Para Escritório, Linha Gamer Racing, Roxo;R$ 4.125,71
632;Cadeira Gamer Para Escritório, Linha Gamer Racing, Rosa;R$ 4.125,71
633;Cadeira Gamer Para Escritório, Linha Gamer Racing, Preto;R$ 4.125,71
634;Cadeira Gamer Redragon Coeus, C201-bw, Ajustável, Couro Sintético, Preta E Branca;R$ 1.599,99
635;Cadeira Gamer Mvp Retrátil E Reclinável Com Apoio Para Pernas E Braço Até 120kg - Preto/azul;R$ 1.869,00
636;Cadeira Gamer Pelegrin Pel-3011, Preta E Vermelha;R$ 805,41
637;Cadeira Gamer Pelegrin Pel-3005 - Azul, Branca E Preta;R$ 611,46
638;Cadeira Gamer Pelegrin Em Couro Pu, Preta E Azul - PEL-3017;R$ 631,88
639;Cadeira Gamer Pelegrin, Preta E Cinza - PEL-3005;R$ 611,46
640;Cadeira Gamer Pelegrin, Em Couro PU, Reclinável, Preta E Verde - PEL-3012;R$ 1.142,28
641;Cadeira Gamer Pelegrin Em Couro Pu, Reclinável, Preta E Azul - Pel-3013;R$ 917,70
642;Cadeira Gamer Pelegrin Pel-3011, Preta E Azul;R$ 805,41
643;Cadeira Gamer Pelegrin Em Couro Pu, Preta E Vermelha - PEL-3017;R$ 631,88
644;Cadeira Gamer Pelegrin, Couro Pu Preta, Vermelha E Verde - PEL-3009;R$ 764,58
645;Kit - Mesa Gamer Pelegrin Pel-002p, Preta + Cadeira Gamer Pelegrin Pel-3017, Cinza;R$ 1.586,32
646;Cadeira Gamer Infantil Em Couro Pvc Pelegrin Pel-9354, até 60kg - Preto Com Branco;R$ 376,68
647;Cadeira Gamer Aerocool Air, Preto E Vermelho - Ac40c;R$ 719,90
648;Cadeira Gamer Fox Racer,  Até 130 Kg, RGB, Rosa, Com Iluminação LED;R$ 929,90
649;Cadeira Gamer Reclinável, Greatek, Preto e Vermelho;R$ 1.043,01
650;Cadeira Gamer Tr-max, Até 120 Kg, de Couro, Giratória, Ajustável - Azul;R$ 1.055,70
651;Cadeira Gamer Greatek Estofada, Vermelho E Preta;R$ 999,00
652;Cadeira Gamer Dazz Mermaid Series, Encosto, Reclinável 180° - Rosa - 62000124;R$ 1.599,99
653;Cadeira Gamer Dn2 Preto/azul Celeste - Draxen;R$ 764,15
654;Cadeira Gamer Thunderx3 Ec1, Suporta Até 120kg, Cilindro De Gás, Almofadas, Preto - 78232;R$ 887,84
655;Cadeira Gamer Fortrek, Cruiser, Preta/Vermelha, Reclinável;R$ 1.190,81
656;Cadeira Gamer Black Hawk Fortrek, Preta com Verde;R$ 922,80
657;Cadeira Gamer Fortrek Black Hawk, Até 120Kg, Reclinável, Preto E Azul;R$ 932,26
658;Cadeira Gamer, MoobX, Profissional Thunder, Braços Reguláveis 2D e Regulagem De Altura;R$ 1.299,00
659;Cadeira Gamer, MoobX, Profissional Thunder, Braços Reguláveis 2D e Regulagem De Altura;R$ 999,90
660;Cadeira Gamer MoobX Nitro, Até 125 Kg, Com Regulagem de Altura e Reclinação 180°;R$ 799,90
661;Cadeira Gamer PRO-X Gaming Executiva, Reclinável, Giratóri Preto/Vermelho;R$ 989,90
662;Cadeira Gamer Bela MoobX GT Racer Profissional, Preto/Amarelo;R$ 999,00
663;Cadeira Gamer, Best, G500 - Preto com Azul;R$ 905,40
664;Cadeira Gamer PCTop Top, Preta e Vermelha - SE1022;R$ 589,90
665;Cadeira Gamer ThunderX3 Camo/VD Military - BC3;R$ 1.198,67
666;Cadeira Gamer Fortrek Vickers, Suporta até 135Kg, Preta/Verde;R$ 940,09
667;Cadeira Gamer  Thunderx3 BC3, Peso Suportado até 150Kg, Ergonômica, Reclinável, Preta;R$ 1.096,42
668;Cadeira Gamer Pcyes Mad Racer V8 Turbo, Verde - V8TBMADVD;R$ 1.306,44
669;Cadeira Gamer Pelegrin, Até 150 Kg, Em Couro Pu, Reclinável, Preta e Verde - PEL-3019;R$ 866,66
670;Cadeira Gamer Pelegrin em Couro Pu, Reclinável, Suporta até 150Kg, Preta e Cinza - Pel-3003;R$ 1.203,52
671;Cadeira Gamer PCYes Mad Racer V6 Turbo, Azul e Preta - GMADV6TAZ;R$ 1.327,85
672;Cadeira Gamer Fortrek Vickers, Suporta até 135Kg, Preta/Rosa;R$ 1.494,58
673;Cadeira Gamer ThunderX3 TC3, Peso Suportado até 125Kg, Apoio de Braços Bi-direcional, Ember Red;R$ 1.405,85
674;Cadeira de Escritório Gamer Best, G600, Preto com Vermelho;R$ 1.064,60
675;Cadeira Gamer Cruiser Fortrek, Suporta até 135Kg, Preta/Verde;R$ 1.190,81
676;Cadeira Gamer Fortrek Vickers, Peso Suportado até 135Kg, Mecanismo Butterfly, Azul - 70521;R$ 1.494,58
677;Cadeira Gamer Poker Royal Flush Healer Travel Max, Suporta até 100Kg, Vermelha;R$ 994,55
678;Cadeira Gamer ThunderX3 EC1, Suporta até 150Kg, Vermelha;R$ 827,91
679;Cadeira Gamer Home Office, Suporta até 120Kg, Branco/Rosa;R$ 1.190,29
680;Cadeira Gamer Holt Preta e Cinza - Fortrek;R$ 783,38
681;Cadeira Gamer PcTop Premium 1020, Vermelho, Branco e Preto, Reclinável - Se1020;R$ 702,00
682;Cadeira Gamer PCTOP Elite 1010 - Preta e Azul;R$ 734,40
683;Cadeira Gamer Elite Pctop, Reclinável, 2 Almofadas, Verde - Se1010;R$ 734,40
684;Cadeira Gamer, Thermaltake Comfort Size GTC500;R$ 3.056,29
685;Cadeira Gamer Office Giratória, Com Elevação A Gás, BC3 H01, Camuflado Verde Military - ThunderX3;R$ 1.799,90
686;Cadeira Gamer Office Giratória Com Elevação A Gás Pro F03 Preto Vermelho - Lyam Decor;R$ 874,90
687;Cadeira Gamer PCTOP Elite 1010 - Preta e Vermelha;R$ 849,91
688;Cadeira Gamer Elements Gaming Elemental TERRA, Verde;R$ 1.006,11
689;Cadeira Gamer Office Giratória, Com Elevação A Gás, BC3, Preto - ThunderX3;R$ 1.814,90
690;Cadeira Gamer Office Giratória, Com Elevação A Gás, BC3, Camuflado Azul Admiral - ThunderX3;R$ 1.814,90
691;Cadeira Gamer PCTop Power, Peso Suportado até 150Kg, Preta e Azul - X-2555;R$ 750,00
692;Cadeira Gamer Dazz Prime-x, Apoio Pra Braço Pescoço E Lombar - Vermelha;R$ 1.229,40
693;Cadeira Gamer Mad Racer Sti Master Preto - Madstimspt;R$ 824,97
694;Cadeira Gamer Pcyes Mad Racer V8 Turbo Pink - V8tbmadpk;R$ 1.170,25
695;Cadeira Gamer Cougar Armor Titan Pro - 3MTITANS.0001;R$ 2.881,49
696;Cadeira Gamer Dust, Com Apoio Para As Pernas Retrátil, Preta;R$ 858,42
697;Cadeira Gamer Gc200 - Oex Game - Preta;R$ 899,90
698;Cadeira Gamer Office Giratória, Com Elevação A Gás, TGC12 H01, Preto E Vermelho - ThunderX3;R$ 1.754,91
699;Cadeira Gamer Office Giratória, Com Elevação A Gás, EC3 H01, Preto E Ciano - ThunderX3;R$ 1.679,90
700;Cadeira Gamer Office Giratória, Com Elevação A Gás, EC3 H01, Preto E Vermelho - ThunderX3;R$ 1.679,90
701;Cadeira Gamer Top Tag, Giratória, Vermelho  - HS2706RD;R$ 1.099,99
702;Cadeira Gamer Giratoria Vermelha, Top Tag - HS9201RD;R$ 889,50
703;Cadeira Gamer Pelegrin, Em Couro Pu, Reclinável, Preta e Verde - Pel-3013;R$ 917,70
704;Cadeira Gamer Pelegrin, Em Couro PU, Reclinável, Preta E Azul - PEL-3012;R$ 1.142,28
705;Kit - 02 Cadeiras Gamer Office Giratória, Com Elevação A Gás, EC3, Preto - ThunderX3;R$ 3.409,90
706;Cadeira Gamer Office Giratória, Com Elevação A Gás, BC3, Preto E Vermelho - ThunderX3;R$ 1.769,90
707;Kit - 02 Cadeiras Gamer Office Giratória, Com Elevação A Gás, EC3, Preto E Ciano - ThunderX3;R$ 3.619,90
708;Cadeira Gamer Giratória, Com Elevação A Gás, Office Holt H01, Preto E Cinza - Fortrek;R$ 954,90
709;Kit - 02 Cadeiras Gamer Office Giratória, Com Elevação A Gás, BC3, Camuflado - ThunderX3;R$ 3.629,90
710;Kit - 02 Cadeiras Gamer Office Giratória, Com Elevação A Gás, BC3, Camuflado Azul Admiral - ThunderX3;R$ 3.629,90
711;Cadeira Gamer Giratória, Elevação A Gás, 02 Almofadas De Apoio, Cruiser H01, Preto E Vermelho - Fortrek;R$ 1.454,90
712;Cadeira Gamer Evolut Lite Eg-904 - Branco;R$ 1.499,99
713;Cadeira Gamer Evolut Lite, Até 120 Kg, Preto - EG-904;R$ 1.499,99
714;Cadeira Gamer Evolut Lite Eg-904, Azul - Evolut;R$ 1.499,99
715;Cadeira Gamer Reclinável Predator Com 2 Almofadas Zidi;R$ 1.529,90
716;Cadeira Gamer Reclinável Predator Com 2 Almofadas Zidi;R$ 1.529,90
717;Cadeira Gamer Thunderx3 Ec3, Black/red;R$ 1.382,38
718;Cadeira Gamer Reclinável Predator, Com 2 Almofadas - Zidi;R$ 1.529,90
719;Cadeira Gamer Sakes, Vermelha - Sk20028;R$ 599,90
720;Cadeira Gamer Dust, Com Apoio para as Pernas, Retrátil - Vermelha;R$ 858,42
721;Cadeira Gamer New Star, Vermelho E Preto - WG-06;R$ 936,19
722;Cadeira Gamer Giratoria Branco Top Tag - HS927WT;R$ 926,19
723;Cadeira Gamer Giratoria Verde, Top Tag - HS9201GR;R$ 877,27
724;Cadeira Gamer Giratoria Azul Top Tag - HS9201BL;R$ 877,27
725;Cadeira Gamer Reclinável Sparta Com 2 Almofadas Zidi;R$ 1.629,90
726;Cadeira Gamer Reclinável Sparta Com 2 Almofadas Zidi;R$ 1.629,90
727;Cadeira Gamer Giratoria Hs203i  Toptag;R$ 865,32
728;Cadeira Gamer DN2, Preto e Azul, Draxen;R$ 764,15
729;Cadeira Gamer Dazz - Elite;R$ 1.124,99
730;Cadeira Gamer Gc302, Estofado Em Couro, Sintético, 120kg, Preto e Laranja;R$ 1.499,90
731;Cadeira Gamer Gc301, Estofado Em Couro Sintético, 120kg, Preto e Laranja;R$ 1.499,00
732;Cadeira Gamer Giratória Com Elevação A Gás, Office Black Hawk H01, Preto/Azul - Fortrek;R$ 1.339,90
733;Cadeira Gamer New WG-02, Vermelha;R$ 614,88
734;Cadeira Gamer Star Game, Reclinável, Wg-03;R$ 839,89
735;Cadeira Gamer Dt3 Sports Modena Blue, Encosto Reclinável De 180º , Construção Em Aço - 10501-7;R$ 1.599,90
736;Cadeira Gamer F-New, Azul, Reclinável Giratória;R$ 919,77
737;Cadeira Gamer Moobx Royale Confort Preto, + Mesa Gamer Notável XP -  NT2020;R$ 1.199,90
738;Cadeira Gamer, Gt Shock;R$ 1.199,90
739;Cadeira Gamer PCTOP Super Verde - 1015;R$ 744,19
740;Cadeira Gamer Kids Akasa, Preta E Vermelha - A-gch-03rd;R$ 968,99
741;Kit - 02 Cadeiras Gamer Office, Giratória Com Elevação A Gás, BC3, Preto - ThunderX3;R$ 3.629,90
742;Cadeira Gamer 3316-or Design - Vermelho;R$ 578,34
743;Mesa Gamer Reversível, Me4152 - Tecnomobili;R$ 289,90
744;Cadeira Gamer Goldentec GT Red, Até 120Kg, Reclinável, Com Apoio para Pés;R$ 899,90
745;Cadeira Gamer Gc200, Estofado Em Couro Sintético, 100kg, Preto e Laranja;R$ 899,90
746;Cadeira Gamer Top Tag Hs158bli - Azul E Preta;R$ 1.137,78
747;Cadeira Gamer Hoopson, Preto - CG-507;R$ 1.499,87
748;Cadeira Gamer, Ergonômica Sanbox Diamond  - Vermelha;R$ 1.270,72
749;Cadeira Gamer Reclinável Greatek, Preto e Azul;R$ 901,55
750;Cadeira Gamer, Giratória Extreme F01, Preta/azul  - Mpozenato;R$ 1.023,90
751;Cadeira Gamer Giratória Extreme F01 Preta/verde - Mpozenato;R$ 1.023,90
752;Cadeira Gamer Giratória Extreme, F01, Preta/Vermelha - Mpozenato;R$ 1.023,90
753;Cadeira Gamer Reclinável Pro F01, Preta e Vermelha - Mpozenato;R$ 1.067,90
754;Cadeira Gamer Giratória Supreme F01, Preto e Azul - Mpozenato;R$ 1.142,90
755;Cadeira Gamer Dazz Marvel Capitão América, Encosto Reclinável 180º, Construção Em Aço - 62000050;R$ 2.999,99
756;Cadeira Gamer Dazz Marvel Homem Aranha Black, Encosto Reclinável, Construção Em Aço - 62000048;R$ 2.999,99
757;Cadeira Gamer BEST, Poltrona Ergonômica, Reclinável, com Ajustes, Azul;R$ 1.064,60
758;Cadeira Gamer Mad Racer V16 Material Sintético;R$ 2.729,88
759;Cadeira Gamer B.Hoff Mobile Reclinável E Relax, Com Iluminação LED RGB, Preta, Peso suportado: até 120 kg.;R$ 974,02
760;Cadeira Gamer Boxbit F16, Vermelha, Base Rodízio;R$ 1.038,87
761;Cadeira Gamer Boxbit Raptor, Branca, Base Rodízio;R$ 578,34
762;Cadeira Gamer Boxbit F16 Army, Base Rodízio;R$ 1.038,87
763;Cadeira Gamer, Oexgame, Gc200, 100kg;R$ 899,90
764;Cadeira Gamer, Prizi, HC-6H01 - Amarela;R$ 599,90
765;Cadeira Gamer Stars, Com Encosto Reclinável, Mecanismo Backsystem, Preta E Azul, Capacidade Até 120Kg;R$ 733,52
766;Cadeira Gamer Boxbit Raptor, Preta E Cinza, Base Rodízio;R$ 578,34
767;Cadeira Gamer, Xt Racer, Armor Series, Preto e Branco;R$ 1.319,12
768;Cadeira Gamer, Xt Racer, Armor Series, Preto e Vermelho;R$ 1.319,12
769;Cadeira Gamer XT Racer Vulcan Reclinável Ergonômica Couro Sintético - Preto e Vermelho;R$ 1.143,12
770;Cadeira Gamer, XT Racer Fire Gun, Reclinável Ergonômica, Couro sintético, Preto e Prata.;R$ 1.583,12
771;Cadeira de escritório, Gamer XT Racer Fire Gun, Reclinável Ergonômica, Couro sintético, Preto e Vermelho.;R$ 1.583,12
772;Cadeira Gamer, XT Racer Draco, Reclinável Ergonômica, Tecido Polyester, Preto e Rosa.;R$ 2.023,12
773;Cadeira Gamer Copa Do Mundo Qatar 2022 Edição Especial Preto Com Roxo - Mt-2000 Bp1;R$ 1.148,90
774;Cadeira Gamer, Fifa Qatar 2022, Checkpoint, Preto Com Vermelho - Dx-3000 Lx1;R$ 988,90
775;Cadeira Gamer XT Racer Taycan Escritório Ergonômica Reclinável Couro Sintético - Preto e Cinza;R$ 1.231,12
776;Cadeira Gamer XT Racer Taycan Escritório Ergonômica Reclinável Couro Sintético - Preto e Vermelho;R$ 1.231,12
777;Cadeira Gamer Husky Gaming Tempest 700, Cinza Claro, Com Almofadas, Descanso Para Pernas Retrátil, Reclinável - HGMA076;R$ ---
778;Cadeira Gamer XT Racer Platinum W Series, Até 120kg, Com Almofadas, Reclinável, Descanso de Braço 3D, Preto - XTR-010;R$ ---
779;Cadeira Gamer Husky Gaming Storm, Cinza, Preto e Branco, Com Almofadas, Reclinável, Descanso de Braço 3D - HST-GBW;R$ ---
780;Cadeira Gamer Raven X-30, Preto,  Até 200Kg, com Almofadas, Descanso de Braço 4D, Encosto Reclinável, Trava de Inclinação, Preto - CDRVX30PP;R$ ---
781;Cadeira Gamer Husky Gaming Tempest 500 Black e Purple, Com Almofadas, Descanso Para Pernas Retrátil, Reclinável - Special Edition;R$ ---
782;Cadeira Gamer DT3 Elise, Até 130 Kg, com Almofadas, Reclinável, Preto - 13436-7;R$ ---
783;Cadeira DT3 Nero, Até 120kg, com Almofada, Reclinável, Braço 4D, Cilindro de Gás Classe 4, Preto - 13747-2;R$ ---
784;Cadeira Gamer DT3sports Rhino, Até 200kg, Com Almofadas, Reclinável, Descanso de Braço 4D,  Preto - 11229-5;R$ ---
785;Cadeira Gamer DT3Sports Royce, com Almofada, Reclinável, Apoio de Braço 4D, Cool Black - 13291-6;R$ ---
786;Cadeira Gamer XT Racer Platinum W Series, Até 120kg, Com Almofadas, Reclinável, Descanso de Braço 3D, Marrom - XTR-016;R$ ---
787;Cadeira Gamer XT Racer Platinum W Series, Até 120kg, Com Almofadas, Reclinável, Descanso de Braço 3D, Off White - XTR-068;R$ ---
788;Cadeira Gamer  DT3 Nero,  Até 120kg, com Almofada, Reclinável, Braço 4D, Cilindro de Gás Classe 4, Grafite - 13748-3;R$ ---
789;Cadeira Gamer Alpha Gamer Alegra Fabric Cinza - AGALEGRA-F-GRY;R$ ---
790;Cadeira Gamer DT3 Gamma Fabric, Até 130 Kg, Com Almofadas, Reclinável, Descanso de Braço 3D, Preto - 13491-8;R$ ---
791;Cadeira Gamer XT Racer Defender, Até 120kg, Com Almofadas, Reclinável, Descanso de Braço 3D, Preto e Cinza - XTR-032;R$ ---
792;Cadeira Gamer Raven X-10, Até 150kg, com Almofadas, Descanso  de Braço 2D, Preto - CDRVX10TP;R$ ---
793;Cadeira Gamer DT3 Elise, Até 130 Kg, com Almofadas, Reclinável, Preto e Azul - 13437-8;R$ ---
794;Cadeira Gamer Mymax MX5, Até 150kg, Com Almofadas, Reclinável, Descanso de Braço 2D, Branco e Azul Marinho - MGCH-MX5/BLMR;R$ ---
795;Cadeira Gamer DT3 Elise Fabric, Até 130 Kg, Com Almofadas, Reclinável, Descanso de Braço 1D, Preto - 13443-5;R$ ---
796;Cadeira Gamer DT3 Nero XL, Até 160Kg, Com Almofada, Descanso de Braço 4D, Grape - 13638-1;R$ ---
797;Cadeira Gamer XT Racer Speed Series, Até 120kg, Com Almofadas, Reclinável, Descanso de Braço 2D, Preto e Cinza - XTS130;R$ ---
798;Cadeira Gamer PCYes Mad Racer V8 Turbo, Red - V8TBMADVM;R$ ---
799;Cadeira Gamer Alpha Gamer Vega, Preto e Vermelho, Reclinável, com Almofadas, Cilindro de Gás Classe 4;R$ ---
800;Cadeira DT3 Nero, Até 150kg,  Com Almofada, Reclinável, Descanso de Braço 4D, Preto e Roxo  - 13547-0;R$ ---
801;Cadeira Gamer Alpha Gamer Kappa,  Até 150 kg, Apoio de Braço Acolchoado, Cilindro de Gás Classe 4, Preto e Azul - AGKAPPA-BK-BL;R$ ---
802;Cadeira Gamer DT3 Elise, Até 130 Kg, com Almofadas, Reclinável, Preto e Cinza - 13439-0;R$ ---
803;Cadeira Gamer DT3 Elise Fabric, Até 130 Kg, Com Almofadas, Reclinável, Descanso de Braço 2D, Preto e Azul - 13444-6;R$ ---
804;Cadeira Gamer Corsair TC200 Fabric, Até 120Kg, Apoio de Braços 4D, Almofadas, Reclinável, Cilindro de Gás Classe 4, Preto - CF-9010049-WW;R$ ---
805;Cadeira Gamer DT3 Sports Rhino Fabric, com Almofada, Reclinável, Apoio de Braço 4D, Cool Black - 13292-7;R$ ---
806;Cadeira Gamer DT3 Elise Fabric, Até 130 Kg, Com Almofadas, Reclinável, Descanso de Braço 1D, Preto e Cinza - 13445-7;R$ ---
807;Cadeira Gamer ThunderX3 BC7 Larger, Black/Cyan - 68841;R$ ---
808;Cadeira Gamer DT3 Elise, Até 130 Kg, com Almofadas, Reclinável, Preto e Vermelho - 13442-4;R$ ---
809;Cadeira Gamer XT Racer Defender, Até 120kg, Com Almofadas, Reclinável, Descanso de Braço 3D, Preto e Rosa - XTR-033;R$ ---
810;Cadeira Gamer DT3 Romeo, Até 140 kg, Com Almofadas, Apoio de Braço 3D+, Reclinável, Preto - 13791-1;R$ ---
811;Cadeira Gamer DT3 Elise Fabric, Até 130 Kg, Com Almofadas, Reclinável, Descanso de Braço 2D, Preto e Vermelho - 13446-8;R$ ---
812;Cadeira Gamer Husky Gaming Polar, Preto, Cilindro de Gás Classe 3, Base em Nylon, Roda em Nylon - HPO-BK;R$ ---
813;Cadeira Gamer XT Racer Defender, Até 120kg, Com Almofadas, Reclinável, Descanso de Braço 3D, Preto e Vermelho - XTR-030;R$ ---
814;Cadeira Gamer Fortrek Black Hawk, Black/Blue - 70512;R$ ---
815;Cadeira Gamer Elements Lunari, Até 120kg, Com Almofada, Descanso de Braço 4D, Cilindro de Gás Classe 4, Knit Special, Creme - 70045;R$ ---
816;Cadeira Gamer DT3 Rhino Artemis, Até 150 Kg, Com Almofadas, Reclinável, Descanso de Braço 4D, Branco e Roxo - 13539-1;R$ ---
817;Cadeira Gamer DT3sports Rhino Red - 11233-0;R$ ---
818;Cadeira Gamer Husky Gaming Tempest 500, Preto e Vermelho, Com Almofadas, Descanso Para Pernas Retrátil, Reclinável - HGMA079;R$ ---
819;Cadeira Gamer DT3 Nero Elite Syrah, Até 150 Kg, Com Almofada, Reclinável, Descanso de Braço 4D, Preto e Vinho - 13543-6;R$ ---
820;Cadeira Gamer DT3sports Rhino White - 11234-1;R$ ---
821;Cadeira Gamer Elements Lunari, Até 120kg, Com Almofada, Descanso de Braço 4D, Cilindro de Gás Classe 4, Knit Special, Preto - 70043;R$ ---
822;Cadeira Gamer DT3sports Modena, Black Blue - 10501-7;R$ ---
823;Cadeira DT3 Rhino Space Grey, Até 200 Kg, Com Almofadas, Reclinável, Descanso de Braço 4D, Cinza e Preto - 13242-2;R$ ---
824;Cadeira Gamer Noblechairs HERO Elden Ring Edição Limitada, até 150Kg, Preto - PGW-NB-HGC-017;R$ ---
825;Cadeira Gamer DT3 Romeo, Até 140 kg, Com Almofadas, Apoio de Braço 3D+, Reclinável, Preto e Azul - 13792-2;R$ ---
826;Cadeira Gamer DT3 Royce Ashen, Com Almofadas, Reclinável, Apoio de braço 4D, Cinza e Preto - 13340-1;R$ ---
827;Cadeira Gamer ThunderX3 TGC12 EVO, Até 125Kg, com Almofadas, Cilindro de Gás, Azul - 76420;R$ ---
828;Cadeira Gamer DT3sports Romeo, Até 110kg, Com Almofadas, Reclinável, Descanso de Braço 3D, Preto e Azul - 11203-7;R$ ---
829;Cadeira Noblechairs Hero TX Gaming Chair-anthracite - NBL-HRO-TX-ATC;R$ ---
830;Cadeira Gamer DT3sports Modena, Black Red - 10504-0;R$ ---
831;Cadeira Gamer Alpha Gamer Nebula Fabric, Tecido, Até 150 kg, Apoio de Braço 4D, Reclinável, Cinza e Rosa - AGNEBULA-GRY-PK;R$ ---
832;Cadeira DT3sports Elise Fabric Black - 12191-4;R$ ---
833;Cadeira Gamer ThunderX3 TGC12 Profissional, Até 120kg, Com Almofadas, Reclinável, Descanso de Braço 2D, Branco e Preto - 78202;R$ ---
834;Cadeira Gamer Alpha Gamer Alegra, Até 150 kg, Apoio de Braço 4D, Mecanismo Frog, Apoio Lombar Ajustável, Cinza - AGALEGRA-PUL-GRY;R$ ---
835;Cadeira Gamer XT Racer Draco, Até 120kg, Com Almofadas, Reclinável, Descanso de Braço 4D, Preto - XTR-064;R$ ---
836;Cadeira Gamer DT3sports Royce Space Grey - 11913-5;R$ ---
837;Cadeira Gamer DT3 Romeo, Até 140 kg, Com Almofadas, Apoio de Braço 3D+, Reclinável, Cinza - 13794-4;R$ ---
838;Cadeira Gamer Corsair T2 Road Warrior, Até 136Kg, Apoio de Braço 4D, com Almofadas, Reclinável, Preto e Amarelo - CF-9010010-WW;R$ ---
839;Cadeira Gamer XT Racer Draco, Até 120kg, Com Almofadas, Reclinável, Descanso de Braço 4D, Preto e Cinza - XTR-065;R$ ---
840;Cadeira Gamer DT3 Mizano Fabric, Até 110 kg, Com Almofadas, Apoio de Braço 3D+, Reclinável, Preto - 13796-6;R$ ---
841;Cadeira Gamer Alpha Gamer Polaris Office Edition, Até 150Kg, Cilindro de Gás 4, Descanso de Braço 4D, Preto e Castanho - AGPOLARISOE-BWN;R$ ---
842;Cadeira Gamer Elements Magna, Até 130kg, Descanso de Braço 3D, Cilindro de Gás Classe 4, Linho, Cinza Escuro - 70003;R$ ---
843;Cadeira Gamer Alpha Gamer Nebula XL Fabric, Até 150 kg, Apoio de Braço 4D, Reclinável, Cinza - AGNEBULAXL;R$ ---
844;Cadeira Gamer Husky Gaming Snow Limited Edition, Preto, Cilindro de Gás Classe 4, Base em Metal, Roda em Nylon - HGMA054;R$ ---
845;Cadeira Gamer Elements Magna, Até 130kg, Descanso de Braço 3D, Cilindro de Gás Classe 4, Linho, Marrom - 70002;R$ ---
846;Cadeira Gamer DT3 Módena, Até 140 kg, Com Almofadas, Apoio de Braço 3D+, Reclinável, Cinza - 13788-7;R$ ---
847;Cadeira Gamer DT3sports Elise, Orange - 10636-6;R$ ---
848;Cadeira Gamer Corsair TC60 Fabric, Até 120Kg,  Apoio de Braços 3D, Reclinável, Cilindro de Gás Classe 4, Preto e Cinza - CF-9010035-WW;R$ ---
849;Cadeira Gamer Drakon, Até 140kg, Com Almofadas, Reclinável, Preto e Cinza - CH31BKGY;R$ ---
850;Braços para Cadeiras Husky Gaming, Snow 2 lados - HAC-BS;R$ ---
851;Cadeira Gamer Noblechairs EPIC Leather, Black - NBL-RL-BLA-001;R$ ---
852;Cadeira Gamer Motospeed Hyrax, Até 150kg, Design ergonômico, Pistão Classe 4, Rosa - HCD300P;R$ ---
853;Cadeira Gamer Husky Gaming Blizzard 900 S.E., Azul e Branco, Com Almofadas, Reclinável com Sistema Frog, Descanso de Braço 3D - HGMA094;R$ ---
854;Descanso de Braço para Cadeira Husky Gaming Storm, Tactical - PREP074;R$ ---
855;Cadeira Gamer DT3 Sports Nero, Até 125 Kg, Com Almofada, Reclinável, Apoio de Braço 3D, Preto - 13367-0;R$ ---
856;Cadeira Gamer DT3 Royce Graphite, Até 180 Kg, Com Almofadas, Reclinável, Descanso de Braço 4D, Cinza e Preto - 13337-7;R$ ---
857;Cadeira Gamer PCTop Strike 1005, até 120Kg, com Almofadas, Reclinável, Preto e Preto - 1005;R$ ---
858;Cadeira Gamer Alpha Gamer Nebula Fabric,  Até 150 kg, Apoio de Braço 4D, Reclinável, Cinza e Azul - AGNEBULA-GRY-BL;R$ ---
859;Cadeira Gamer Alpha Gamer Nebula Fabric, Até 150 kg, Apoio de Braço 4D, Reclinável, Cinza e Laranja - AGNEBULA-GRY-O;R$ ---
860;Cadeira Gamer Sharkoon Elbrus 1, Black Green;R$ ---
861;Cadeira Gamer Corsair T2 Road Warrior, Até 136Kg, Apoio de Braços 4D, Almofadas, Reclinável, Cilindro de Gás Classe 4, Preto e Vermelho - CF-9010008-WW;R$ ---
862;Cadeira Gamer DT3 Módena, Até 140 kg, Com Almofadas, Apoio de Braço 3D+, Reclinável, Preto e Azul - 13785-4;R$ ---
863;Cadeira Gamer DT3 Romeo, Até 140 kg, Com Almofadas, Apoio de Braço 3D+, Reclinável, Preto e Vermelho - 13795-5;R$ ---
864;Cadeira Gamer DT3 Mizano Fabric, Até 110 kg, Com Almofadas, Apoio de Braço 3D+, Reclinável, Cinza - 13799-9;R$ ---
865;Cadeira Gamer Raven X-30, Até 200Kg, com Almofadas, Descanso de Braço 4D, Encosto Reclinável, Trava de Inclinação, Branco - CDRVX30BR;R$ ---
866;Cadeira Gamer Husky Gaming Tactical, Digital Marpat, Preto, Com Almofadas, Reclinável, Descanso de Braço 2D - HTT-DW;R$ ---
867;Cadeira Gamer Alpha Gamer Alegra,  Até 150 kg, Apoio de Braço 4D, Mecanismo Frog, Apoio Lombar Ajustável, Preto - AGALEGRA-PUL-BK;R$ ---
868;Cadeira Gamer Corsair T2 Road Warrior, Até 136Kg, Apoio de Braços 4D, com Almofadas, Reclinável, Preto - CF-9010006-WW;R$ ---
869;Cadeira Gamer Husky Gaming Storm, Azul, Preto e Branco, Com Almofadas, Reclinável, Descanso de Braço 2D - HST-BBW;R$ ---
870;Cadeira Gamer DT3sports Rhino Blue - 11230-7;R$ ---
871;Cadeira Noblechairs Hero Gaming Chair Java Edition - NBL-HRO-PU-JED;R$ ---
872;Cadeira Gamer DT3 Módena, Até 140 kg, Com Almofadas, Apoio de Braço 3D+, Reclinável, Dark Grey - 13786-5;R$ ---
873;Cadeira Gamer XT Racer Speed Series, Até 120kg, Com Almofadas e Apoio de Pés, Reclinável, Descanso de Braço 2D, Preto e Cinza - XTS170;R$ ---
874;Cadeira Gamer XT Racer Speed Series, Até 120kg, Com Almofadas e Apoio de Pés, Reclinável, Descanso de Braço 2D, Preto e Vermelho - XTS180;R$ ---
875;Cadeira Gamer DT3 Mizano Fabric, Até 110 kg, Com Almofadas, Apoio de Braço 3D+, Reclinável, Preto e Azul - 13797-7;R$ ---
876;Cadeira Gamer Alpha Gamer Vega, Preto, Reclinável, com Almofadas, Cilindro de Gás Classe 4;R$ ---
877;Cadeira Gamer DT3 Rhino Ashen, Com almofadas, Reclinável, Apoio de braço 4D, Preto - 13341-2;R$ ---
878;Cadeira Gamer Drakon, Suporta até 140kg, Com Almofadas, Reclinável, Preta - CH31BK;R$ ---
879;Rodízios para Cadeiras Husky Gaming Storm, Blizzard e Hailstorm KIT C/ 5 Branco - HAC-RSBHW;R$ ---
880;Cadeira Gamer Pctop Strike, com Almofadas, Encosto Ajustável, Preto/Vermelho - 1005;R$ ---
881;Cadeira Gamer DT3 Nero Elite Ashen, Até 150 Kg, Com Almofada, Reclinável, Descanso de Braço 4D, Cinza - 13541-4;R$ ---
882;Cadeira Gamer Alpha Gamer Alegra, Até 150 kg, Apoio de Braço 4D, Mecanismo Frog, Apoio Lombar Ajustável, Branco  - AGALEGRA-PUL-WHT;R$ ---
883;Cadeira Gamer Elements Magna, Até 130kg, Descanso de Braço 3D, Cilindro de Gás Classe 4, Knit, Cinza Claro - 70005;R$ ---
884;Cadeira Gamer DT3sports Royce Navy Blue - 11914-6;R$ ---
885;Cadeira Gamer Husky Gaming Polar, Preto e Vermelho, Cilindro de Gás Classe 3, Base em Nylon, Roda em Nylon - HPO-BR;R$ ---
886;Cadeira Gamer DT3sports Romeo, Grey - 11207-1;R$ ---
887;Cadeira Gamer Noblechairs Hero Doom Edition - NBL-HRO-PU-DET;R$ ---
888;Cadeira Gamer Noblechairs Epic, Black Pink - NBL-PU-PNK-001;R$ ---
889;Cadeira Gamer Alpha Gamer Nebula Fabric, Até 150 kg, Apoio de Braço 4D, Reclinável, Cinza - AGNEBULA;R$ ---
890;Cadeira Gamer Elements Magna, Até 130kg, Descanso de Braço 3D, Cilindro de Gás Classe 4, Linho, Cinza - 70001;R$ ---
891;Cadeira Gamer Elements Magna, Até 130kg, Descanso de Braço 3D, Cilindro de Gás Classe 4, Knit, Preto - 70004;R$ ---
892;Cadeira Gamer Noblechairs EPIC, Black Red - NBL-PU-RED-002;R$ ---
893;Cadeira Gamer XT Racer Speed Series, Até 120kg, Com Almofadas, Reclinável, Descanso de Braço 2D, Preto e Vermelho - XTS140;R$ ---
894;Cadeira Gamer Husky Gaming Hailstorm, Preto e Azul, Com Almofadas, Reclinável, Descanso de Braço 2D - HHA-BB;R$ ---
895;Braços para Cadeiras Husky, 2 lados Polar - HAC-BP;R$ ---
896;Cadeira Gamer DT3 Módena, Até 140 kg, Com Almofadas, Apoio de Braço 3D+, Reclinável, Preto e Vermelho - 13790-0;R$ ---
897;Cadeira Gamer DT3sports Mizano, Até 140kg, com Braço 3D, Inclinação e Almofadas, Preto - 10226-1;R$ ---
898;Cadeira Gamer Alpha Gamer Phenix Fabric, Tecido, Até 150kg, Apoio de Braço 4D, Reclinável, Preto e Azul - AGPHENIX-F-GRY-BK-BL;R$ ---
899;Cadeira Gamer DT3sports Elise, Até 150kg, com Almofadas, Reclinável, Preto e Cinza - 10633-3;R$ ---
900;Cadeira Gamer DT3 Royce Cream - 12386-0;R$ ---
901;Cadeira Gamer XT Racer Draco, Até 120kg, Com Almofadas, Reclinável, Descanso de Braço 4D, Preto e Dourado - XTR-062;R$ ---
902;Cadeira Gamer Husky Gaming Frost, Preto e Laranja, Cilindro de Gás Classe 3, Base em Nylon, Roda em Nylon - HFR-BO;R$ ---
903;Descanso de Braço para Cadeira Husky Gaming Storm, Blizzard - PREP071;R$ ---
904;Cadeira Gamer XT Racer Platinum W Series, Até 120kg, Com Almofadas, Reclinável, Descanso de Braço 3D, Azul - XTR-067;R$ ---
905;Cadeira Gamer DT3 Mizano Fabric, Até 110 kg, Com Almofadas, Apoio de Braço 3D+, Reclinável, Preto e Vermelho - 13801-3;R$ ---
906;Cadeira Gamer Noblechairs Epic Compact, Até 120Kg, com Almofadas, Braços 3D, Ajuste de Profundidade, Preto e Vermelho - NBL-ECC-PU-RED;R$ ---
907;Cadeira Gamer DT3sports Elise, Até 130Kg, Reclinável, Preto - 11833-6;R$ ---
908;Cadeira Gamer Corsair TC70 Remix,  Até 120Kg, Apoio de Braços 3D, Reclinável, Cilindro de Gás Classe 4, Preto - CF-9010038-WW;R$ ---
909;Cadeira Gamer DT3sports Elise, Até 150kg, com Almofadas, Reclinável, Preto e Vermelho - 10637-7;R$ ---
910;Cadeira Gamer Alpha Gamer Zeta Preto, Reclinável, com Almofadas, Cilindro de Gás Classe 4 - AGZETA-BK;R$ ---
911;Cadeira Gamer DT3sports Mizano Fabric, Red - 11361-2;R$ ---
912;Cadeira Gamer Alpha Gamer Kappa, Até 150 kg, Apoio de Braço Acolchoado, Cilindro de Gás Classe 4, Preto - AGKAPPA-BK;R$ ---
913;Cadeira Gamer DT3sports Modena, Black Grey - 10326-2;R$ ---
914;Cadeira Gamer Dazz Elite, 100 Kg, Mecanismo de Ajuste Butterfly, Black - 624761;R$ ---
915;Cadeira Gamer Dazz Dark Shadow, Black - 625165;R$ ---
916;Cadeira Gamer Sharkoon Elbrus 1, Black Pink;R$ ---
917;Cadeira Gamer Multi Tongea Black - GA182;R$ ---
918;Cadeira Gamer Multi Tongea Green - GA160;R$ ---
919;Cadeira Gamer ThunderX3 EC1 Black - 67995;R$ ---
920;Cadeira Gamer ThunderX3 EC1 Black/Red - 67996;R$ ---
921;Cadeira Gamer Elements Gaming Elemental Ignis Black/Red - 63593;R$ ---
922;Cadeira Gamer Fortrek Holt, Black - 70501;R$ ---
923;Cadeira Gamer Vertagear S-Line SL5000 Racing Series, Black/Blue Rev.2 - VG-SL5000-BL;R$ ---
924;Cadeira Gamer Pctop Super 1015, Vermelha;R$ ---
925;Cadeira Gamer Max Racer Storm Target, Até 110Kg, Preta - TGT-06;R$ ---
926;Cadeira Gamer AKRacing Premium V2, Black Silver - 10047-2;R$ ---
927;Cadeira Gamer Husky Gaming Hailstorm, Preto e Verde, Com Almofadas, Reclinável, Descanso de Braço 2D - HHA-BG;R$ ---
928;Cadeira Gamer Husky Gaming Racing, Vermelho, Com Almofadas, Reclinável, Descanso de Braço 3D - HRC-R;R$ ---
929;Braços para Cadeiras Husky, 2 lados Frost - HAC-BF;R$ ---
930;Cadeira Gamer Husky Gaming Blizzard 900 S.E., Rosa e Preto, Com Almofadas, Reclinável com Sistema Frog, Descanso de Braço 3D - HGMA093;R$ ---
931;Cadeira DT3office Zodiac V2, Reclinável, Assento Deslizável, Rosé - 12997-8;R$ ---
932;Cadeira Gamer Home Office, Cinza E Rosa;R$ ---
